,bali,bali blackhat,bali blackhat krx,blackhat,blackhat krx,blackhat krx tmen,break,cowok,cowok tersak,cowok tersak team,crs,crs mr,gaya,greetz,greetz bali,greetz bali blackhat,hack tn,hack tn mdk,https,https toptop,https toptop io,id,img,io,jawolgantex,jawolgantex mr,jawolgantex mr quixter,jpg,kluyut,krx,krx tmen,krx tmen team,mdk,mr,mr crs,mr crs mr,mr ngebug,mr ngebug kluyut,mr quixter,mr tregear,music,ngebug,ngebug kluyut,play,play music,png,png hack,png hack tn,quixter,team,team cowok,team cowok tersak,tersak,tersak team,tmen,tmen team,tmen team cowok,tn,tn mdk,toptop,toptop io,touch,tregear,websit,Target,__,__ __,__ __ __,__ career,__ event,__ project,absolut,academ,academ calendar,academi,accept,access,access inform,action,activ,actual,add,address,administr,admiss,advic,affair,agre,air,all,allow,alumni,analyt,analyz,and,ani,anniversari,announc,answer,answers,api,app,appli,applic form,applic process,applic secur,approach,appsec,area,ariia,asia,assist,assur,attack,audit,aug,august,author,award,back,base,battl,becaus,becom,benefit,best,better,big,birth,birthday,bitcoin,black,blog,board,brain,bring,brows,browser,bug,build,by,by sa,calcul,calendar,call,campus,capsul,career contact,career opportun,carri,case,catch,cc,cc by,cc by sa,celebr,center,centr,central,challeng,chang,charact,charter,check,chief,click,co,code,collect,com,com tr,com tr id,combat,common,communiti,community,compani,comput,condit,conduct,connect,connect us,consult,continu,contribut,convoc,cooki,copi,copyright,corner,corpor,correct,could,cours,covid,creat,creativ,creativ common,cross,cryptographi,current,current student,custom,daili,data,day,depart,deriv,design,detail,determin,develop,development,differ,digit,directori,disabl,disclosur,discov,display,divis,document,doe,down,download,drive,dual,dure,east,edit,educ,educ research,effect,electr,email,emerg,employ,enabl,engin,english,enhanc,enterpris,entri,environment,ev,ev pageview,ev pageview noscript,event __,exchang,execut,exist,experi,experience,explor,extern,facebook,facebook com,facebook com tr,faculti,faculti career,fail,faq,featur,feedback,fellowship,file,fill,financ,first,fit,fix,follow,food,forc,form,format,free,full,function,fund,fundament,galleri,game,gap,general,generat,get,get start,gif,github,give,glanc,global,googl,gov,govern,graduat,great,group,guid,hack,help,here,highlight,histori,hold,home us,honour,hot,how,https www,https www facebook,hub,hundr,hyderabad,id ev,id ev pageview,identifi,imag,image,import,improv,in,inc,includ,india,indian,industri,inform system,inform valu,information,infrastructur,initi,innov,instagram,institut,institut technolog,institute,instruct,integr,interest,intern,internet,iot,is,its,javascript,job,john,join us,jpeg,jul,juli,june,keep,key,kind,knowledg,lab,largest,last,latest,lead,leader,learn,left,legal,legal privaci,librari,licens,life,light,like,limit,limits,line,link,linkedin,list,local,locat,log,login,logo png,logo svg,look,love,ltd,ma,machin,main,main content,make,manag,map,march,mark,materi,mathemat,may,mean,media,member,menu,menu search,method,middl,middl east,might,mind,mobil,mode,model,money,more,mumbai,must,nation,necessari,need,net,network,next,nirf,normal,north,noscript,notic,notif,now,number,occur,of,offer,offic,offici,on,onli,onlin,open,oper,opinion,opportun,organ,organis,origin,output,page,pageview,pageview noscript,pandem,paper,parent,part,password,patent,pdf,person,pg,ph,phd,philosophi,phone,photo,photo galleri,physic,pixel,placement,plan,plane,pleas,polic,portal,post connect,power,practic,print,privaci access,privaci polici,privat,procedur,process,procur,product,program,programm,project,prospect,prospect student,provid,psk,public,qualiti,question,question answer,quick,reach,read,reader,real,receiv,recent,recommend,recruit,refer,region,regist,registr,rel,relat,releas,report,requir,research institute,research job,reserv,resolut,resourc,respons,return,review,right,right reserv,role,rti,rule,rule pdf,sa,save,say,scan,scanner,school,scienc,scienc technolog,scroll,search,second,section,security,see,seem,sequences,server,servic,service,services,set,sever,share,ship,sign,singl,site,sitemap,skill,skip,skip main,skip main content,social,social media,softwar,software,solut,sourc,south,space,special,speed,spotlight,staff,staff career,start,state,statement,station,stori,structur,student,student current,student current student,studi,submit,subscrib,summer,super,support,svg,svg home,systems,tabl,tech,tender,term,test,testing,th,th anniversari,th convoc,thank,the,theori,thing,tip,to,top,tr,tr id,tr id ev,trace,track,train,transform,travel,trust,twitter png,two,understand,unit,univers,updat,us student,usa,user,valu,varieti,vendor,veri,verif,video,virtual,visit,vuln,vulner,vulnerabilities,way,wear,web,web applic,web browser,web secur,well,whi,white,window,within,without,work,world,write,www,www facebook,www facebook com,year
0,0.0,0.0,0.0,0.0,0.0,0.0,0.6266122296760543,0.0,0.0,0.0,0.0,0.0,0.0,0.0,0.0,0.0,0.0,0.0,0.0,0.0,0.0,0.0,0.0,0.0,0.0,0.0,0.0,0.0,0.0,0.0,0.0,0.0,0.0,0.5510703737366053,0.0,0.0,0.0,0.0,0.0,0.0,0.0,0.0,0.0,0.0,0.0,0.0,0.0,0.0,0.0,0.0,0.0,0.0,0.0,0.0,0.0,0.0,0.0,0.0,0.0,0.0,0.0,0.0,0.0,0.5510703737366053,1,0.0,0.0,0.0,0.0,0.0,0.0,0.0,0.0,0.0,0.0,0.0,0.0,0.0,0.0,0.0,0.0,0.0,0.0,0.0,0.0,0.0,0.0,0.0,0.0,0.0,0.0,0.0,0.0,0.0,0.0,0.0,0.0,0.0,0.0,0.0,0.0,0.0,0.0,0.0,0.0,0.0,0.0,0.0,0.0,0.0,0.0,0.0,0.0,0.0,0.0,0.0,0.0,0.0,0.0,0.0,0.0,0.0,0.0,0.0,0.0,0.0,0.0,0.0,0.0,0.0,0.0,0.0,0.0,0.0,0.0,0.0,0.0,0.0,0.0,0.0,0.0,0.0,0.0,0.0,0.0,0.0,0.0,0.0,0.0,0.0,0.0,0.0,0.0,0.0,0.0,0.0,0.0,0.0,0.0,0.0,0.0,0.0,0.0,0.0,0.0,0.0,0.0,0.0,0.0,0.0,0.0,0.0,0.0,0.0,0.0,0.0,0.0,0.0,0.0,0.0,0.0,0.0,0.0,0.0,0.0,0.0,0.0,0.0,0.0,0.0,0.0,0.0,0.0,0.0,0.0,0.0,0.0,0.0,0.0,0.0,0.0,0.0,0.0,0.0,0.0,0.0,0.0,0.0,0.0,0.0,0.0,0.0,0.0,0.0,0.0,0.0,0.0,0.0,0.0,0.0,0.0,0.0,0.0,0.0,0.0,0.0,0.0,0.0,0.0,0.0,0.0,0.0,0.0,0.0,0.0,0.0,0.0,0.0,0.0,0.0,0.0,0.0,0.0,0.0,0.0,0.0,0.0,0.0,0.0,0.0,0.0,0.0,0.0,0.0,0.0,0.0,0.0,0.0,0.0,0.0,0.0,0.0,0.0,0.0,0.0,0.0,0.0,0.0,0.0,0.0,0.0,0.0,0.0,0.0,0.0,0.0,0.0,0.0,0.0,0.0,0.0,0.0,0.0,0.0,0.0,0.0,0.0,0.0,0.0,0.0,0.0,0.0,0.0,0.0,0.0,0.0,0.0,0.0,0.0,0.0,0.0,0.0,0.0,0.0,0.0,0.0,0.0,0.0,0.0,0.0,0.0,0.0,0.0,0.0,0.0,0.0,0.0,0.0,0.0,0.0,0.0,0.0,0.0,0.0,0.0,0.0,0.0,0.0,0.0,0.0,0.0,0.0,0.0,0.0,0.0,0.0,0.0,0.0,0.0,0.0,0.0,0.0,0.0,0.0,0.0,0.0,0.0,0.0,0.0,0.0,0.0,0.0,0.0,0.0,0.0,0.0,0.0,0.0,0.0,0.0,0.0,0.0,0.0,0.0,0.0,0.0,0.0,0.0,0.0,0.0,0.0,0.0,0.0,0.0,0.0,0.0,0.0,0.0,0.0,0.0,0.0,0.0,0.0,0.0,0.0,0.0,0.0,0.0,0.0,0.0,0.0,0.0,0.0,0.0,0.0,0.0,0.0,0.0,0.0,0.0,0.0,0.0,0.0,0.0,0.0,0.0,0.0,0.0,0.0,0.0,0.0,0.0,0.0,0.0,0.0,0.0,0.0,0.0,0.0,0.0,0.0,0.0,0.0,0.0,0.0,0.0,0.0,0.0,0.0,0.0,0.0,0.0,0.0,0.0,0.0,0.0,0.0,0.0,0.0,0.0,0.0,0.0,0.0,0.0,0.0,0.0,0.0,0.0,0.0,0.0,0.0,0.0,0.0,0.0,0.0,0.0,0.0,0.0,0.0,0.0,0.0,0.0,0.0,0.0,0.0,0.0,0.0,0.0,0.0,0.0,0.0,0.0,0.0,0.0,0.0,0.0,0.0,0.0,0.0,0.0,0.0,0.0,0.0,0.0,0.0,0.0,0.0,0.0,0.0,0.0,0.0,0.0,0.0,0.0,0.0,0.0,0.0,0.0,0.0,0.0,0.0,0.0,0.0,0.0,0.0,0.0,0.0,0.0,0.0,0.0,0.0,0.0,0.0,0.0,0.0,0.0,0.0,0.0,0.0,0.0,0.0,0.0,0.0,0.0,0.0,0.0,0.0,0.0,0.0,0.0,0.0,0.0,0.0,0.0,0.0,0.0,0.0,0.0,0.0,0.0,0.0,0.0,0.0,0.0,0.0,0.0,0.0,0.0,0.0,0.0,0.0,0.0,0.0,0.0,0.0,0.0,0.0,0.0,0.0,0.0,0.0,0.0,0.0,0.0,0.0,0.0,0.0,0.0,0.0,0.0,0.0,0.0,0.0,0.0,0.0,0.0,0.0,0.0,0.0,0.0,0.0,0.0,0.0,0.0,0.0,0.0,0.0,0.0,0.0,0.0,0.0,0.0,0.0,0.0,0.0,0.0,0.0,0.0,0.0,0.0,0.0,0.0,0.0,0.0,0.0,0.0,0.0,0.0,0.0,0.0,0.0,0.0,0.0,0.0,0.0,0.0,0.0,0.0,0.0,0.0,0.0,0.0,0.0,0.0,0.0,0.0,0.0,0.0,0.0,0.0,0.0,0.0,0.0,0.0,0.0,0.0,0.0,0.0,0.0,0.0,0.0,0.0,0.0,0.0,0.0,0.0,0.0,0.0,0.0,0.0,0.0,0.0,0.0,0.0
1,0.0,0.0,0.0,0.0,0.0,0.0,0.0,0.0,0.0,0.0,0.0,0.0,0.6266122296760543,0.0,0.0,0.0,0.0,0.0,0.0,0.0,0.0,0.0,0.0,0.0,0.0,0.0,0.0,0.5510703737366053,0.0,0.0,0.0,0.0,0.0,0.0,0.0,0.0,0.0,0.0,0.0,0.0,0.0,0.0,0.0,0.0,0.0,0.0,0.0,0.0,0.0,0.0,0.0,0.0,0.0,0.0,0.0,0.0,0.0,0.0,0.0,0.0,0.0,0.0,0.0,0.5510703737366053,1,0.0,0.0,0.0,0.0,0.0,0.0,0.0,0.0,0.0,0.0,0.0,0.0,0.0,0.0,0.0,0.0,0.0,0.0,0.0,0.0,0.0,0.0,0.0,0.0,0.0,0.0,0.0,0.0,0.0,0.0,0.0,0.0,0.0,0.0,0.0,0.0,0.0,0.0,0.0,0.0,0.0,0.0,0.0,0.0,0.0,0.0,0.0,0.0,0.0,0.0,0.0,0.0,0.0,0.0,0.0,0.0,0.0,0.0,0.0,0.0,0.0,0.0,0.0,0.0,0.0,0.0,0.0,0.0,0.0,0.0,0.0,0.0,0.0,0.0,0.0,0.0,0.0,0.0,0.0,0.0,0.0,0.0,0.0,0.0,0.0,0.0,0.0,0.0,0.0,0.0,0.0,0.0,0.0,0.0,0.0,0.0,0.0,0.0,0.0,0.0,0.0,0.0,0.0,0.0,0.0,0.0,0.0,0.0,0.0,0.0,0.0,0.0,0.0,0.0,0.0,0.0,0.0,0.0,0.0,0.0,0.0,0.0,0.0,0.0,0.0,0.0,0.0,0.0,0.0,0.0,0.0,0.0,0.0,0.0,0.0,0.0,0.0,0.0,0.0,0.0,0.0,0.0,0.0,0.0,0.0,0.0,0.0,0.0,0.0,0.0,0.0,0.0,0.0,0.0,0.0,0.0,0.0,0.0,0.0,0.0,0.0,0.0,0.0,0.0,0.0,0.0,0.0,0.0,0.0,0.0,0.0,0.0,0.0,0.0,0.0,0.0,0.0,0.0,0.0,0.0,0.0,0.0,0.0,0.0,0.0,0.0,0.0,0.0,0.0,0.0,0.0,0.0,0.0,0.0,0.0,0.0,0.0,0.0,0.0,0.0,0.0,0.0,0.0,0.0,0.0,0.0,0.0,0.0,0.0,0.0,0.0,0.0,0.0,0.0,0.0,0.0,0.0,0.0,0.0,0.0,0.0,0.0,0.0,0.0,0.0,0.0,0.0,0.0,0.0,0.0,0.0,0.0,0.0,0.0,0.0,0.0,0.0,0.0,0.0,0.0,0.0,0.0,0.0,0.0,0.0,0.0,0.0,0.0,0.0,0.0,0.0,0.0,0.0,0.0,0.0,0.0,0.0,0.0,0.0,0.0,0.0,0.0,0.0,0.0,0.0,0.0,0.0,0.0,0.0,0.0,0.0,0.0,0.0,0.0,0.0,0.0,0.0,0.0,0.0,0.0,0.0,0.0,0.0,0.0,0.0,0.0,0.0,0.0,0.0,0.0,0.0,0.0,0.0,0.0,0.0,0.0,0.0,0.0,0.0,0.0,0.0,0.0,0.0,0.0,0.0,0.0,0.0,0.0,0.0,0.0,0.0,0.0,0.0,0.0,0.0,0.0,0.0,0.0,0.0,0.0,0.0,0.0,0.0,0.0,0.0,0.0,0.0,0.0,0.0,0.0,0.0,0.0,0.0,0.0,0.0,0.0,0.0,0.0,0.0,0.0,0.0,0.0,0.0,0.0,0.0,0.0,0.0,0.0,0.0,0.0,0.0,0.0,0.0,0.0,0.0,0.0,0.0,0.0,0.0,0.0,0.0,0.0,0.0,0.0,0.0,0.0,0.0,0.0,0.0,0.0,0.0,0.0,0.0,0.0,0.0,0.0,0.0,0.0,0.0,0.0,0.0,0.0,0.0,0.0,0.0,0.0,0.0,0.0,0.0,0.0,0.0,0.0,0.0,0.0,0.0,0.0,0.0,0.0,0.0,0.0,0.0,0.0,0.0,0.0,0.0,0.0,0.0,0.0,0.0,0.0,0.0,0.0,0.0,0.0,0.0,0.0,0.0,0.0,0.0,0.0,0.0,0.0,0.0,0.0,0.0,0.0,0.0,0.0,0.0,0.0,0.0,0.0,0.0,0.0,0.0,0.0,0.0,0.0,0.0,0.0,0.0,0.0,0.0,0.0,0.0,0.0,0.0,0.0,0.0,0.0,0.0,0.0,0.0,0.0,0.0,0.0,0.0,0.0,0.0,0.0,0.0,0.0,0.0,0.0,0.0,0.0,0.0,0.0,0.0,0.0,0.0,0.0,0.0,0.0,0.0,0.0,0.0,0.0,0.0,0.0,0.0,0.0,0.0,0.0,0.0,0.0,0.0,0.0,0.0,0.0,0.0,0.0,0.0,0.0,0.0,0.0,0.0,0.0,0.0,0.0,0.0,0.0,0.0,0.0,0.0,0.0,0.0,0.0,0.0,0.0,0.0,0.0,0.0,0.0,0.0,0.0,0.0,0.0,0.0,0.0,0.0,0.0,0.0,0.0,0.0,0.0,0.0,0.0,0.0,0.0,0.0,0.0,0.0,0.0,0.0,0.0,0.0,0.0,0.0,0.0,0.0,0.0,0.0,0.0,0.0,0.0,0.0,0.0,0.0,0.0,0.0,0.0,0.0,0.0,0.0,0.0,0.0,0.0,0.0,0.0,0.0,0.0,0.0,0.0,0.0,0.0,0.0,0.0,0.0,0.0,0.0,0.0,0.0,0.0,0.0,0.0,0.0,0.0,0.0,0.0,0.0,0.0,0.0,0.0,0.0,0.0,0.0,0.0,0.0
2,0.0,0.0,0.0,0.0,0.0,0.0,0.0,0.0,0.0,0.0,0.0,0.0,0.0,0.0,0.0,0.0,0.0,0.0,0.31416682790088246,0.35154644414649017,0.35154644414649017,0.0,0.0,0.35154644414649017,0.0,0.0,0.0,0.35154644414649017,0.0,0.0,0.0,0.0,0.0,0.0,0.0,0.0,0.0,0.0,0.0,0.0,0.0,0.0,0.0,0.0,0.0,0.0,0.0,0.0,0.0,0.0,0.0,0.0,0.0,0.0,0.0,0.0,0.0,0.0,0.0,0.35154644414649017,0.35154644414649017,0.3997371510060698,0.0,0.0,1,0.0,0.0,0.0,0.0,0.0,0.0,0.0,0.0,0.0,0.0,0.0,0.0,0.0,0.0,0.0,0.0,0.0,0.0,0.0,0.0,0.0,0.0,0.0,0.0,0.0,0.0,0.0,0.0,0.0,0.0,0.0,0.0,0.0,0.0,0.0,0.0,0.0,0.0,0.0,0.0,0.0,0.0,0.0,0.0,0.0,0.0,0.0,0.0,0.0,0.0,0.0,0.0,0.0,0.0,0.0,0.0,0.0,0.0,0.0,0.0,0.0,0.0,0.0,0.0,0.0,0.0,0.0,0.0,0.0,0.0,0.0,0.0,0.0,0.0,0.0,0.0,0.0,0.0,0.0,0.0,0.0,0.0,0.0,0.0,0.0,0.0,0.0,0.0,0.0,0.0,0.0,0.0,0.0,0.0,0.0,0.0,0.0,0.0,0.0,0.0,0.0,0.0,0.0,0.0,0.0,0.0,0.0,0.0,0.0,0.0,0.0,0.0,0.0,0.0,0.0,0.0,0.0,0.0,0.0,0.0,0.0,0.0,0.0,0.0,0.0,0.0,0.0,0.0,0.0,0.0,0.0,0.0,0.0,0.0,0.0,0.0,0.0,0.0,0.0,0.0,0.0,0.0,0.0,0.0,0.0,0.0,0.0,0.0,0.0,0.0,0.0,0.0,0.0,0.0,0.0,0.0,0.0,0.0,0.0,0.0,0.0,0.0,0.0,0.0,0.0,0.0,0.0,0.0,0.0,0.0,0.0,0.0,0.0,0.0,0.0,0.0,0.0,0.0,0.0,0.0,0.0,0.0,0.0,0.0,0.0,0.0,0.0,0.0,0.0,0.0,0.0,0.0,0.0,0.0,0.0,0.0,0.0,0.0,0.0,0.0,0.0,0.0,0.0,0.0,0.0,0.0,0.0,0.0,0.0,0.0,0.0,0.0,0.0,0.0,0.0,0.0,0.0,0.0,0.0,0.0,0.0,0.0,0.0,0.0,0.0,0.0,0.0,0.0,0.0,0.0,0.0,0.0,0.0,0.0,0.0,0.0,0.0,0.0,0.0,0.0,0.0,0.0,0.0,0.0,0.0,0.0,0.0,0.0,0.0,0.0,0.0,0.0,0.0,0.0,0.0,0.0,0.0,0.0,0.0,0.0,0.0,0.0,0.0,0.0,0.0,0.0,0.0,0.0,0.0,0.0,0.0,0.0,0.0,0.0,0.0,0.0,0.0,0.0,0.0,0.0,0.0,0.0,0.0,0.0,0.0,0.0,0.0,0.0,0.0,0.0,0.0,0.0,0.0,0.0,0.0,0.0,0.0,0.0,0.0,0.0,0.0,0.0,0.0,0.0,0.0,0.0,0.0,0.0,0.0,0.0,0.0,0.0,0.0,0.0,0.0,0.0,0.0,0.0,0.0,0.0,0.0,0.0,0.0,0.0,0.0,0.0,0.0,0.0,0.0,0.0,0.0,0.0,0.0,0.0,0.0,0.0,0.0,0.0,0.0,0.0,0.0,0.0,0.0,0.0,0.0,0.0,0.0,0.0,0.0,0.0,0.0,0.0,0.0,0.0,0.0,0.0,0.0,0.0,0.0,0.0,0.0,0.0,0.0,0.0,0.0,0.0,0.0,0.0,0.0,0.0,0.0,0.0,0.0,0.0,0.0,0.0,0.0,0.0,0.0,0.0,0.0,0.0,0.0,0.0,0.0,0.0,0.0,0.0,0.0,0.0,0.0,0.0,0.0,0.0,0.0,0.0,0.0,0.0,0.0,0.0,0.0,0.0,0.0,0.0,0.0,0.0,0.0,0.0,0.0,0.0,0.0,0.0,0.0,0.0,0.0,0.0,0.0,0.0,0.0,0.0,0.0,0.0,0.0,0.0,0.0,0.0,0.0,0.0,0.0,0.0,0.0,0.0,0.0,0.0,0.0,0.0,0.0,0.0,0.0,0.0,0.0,0.0,0.0,0.0,0.0,0.0,0.0,0.0,0.0,0.0,0.0,0.0,0.0,0.0,0.0,0.0,0.0,0.0,0.0,0.0,0.0,0.0,0.0,0.0,0.0,0.0,0.0,0.0,0.0,0.0,0.0,0.0,0.0,0.0,0.0,0.0,0.0,0.0,0.0,0.0,0.0,0.0,0.0,0.0,0.0,0.0,0.0,0.0,0.0,0.0,0.0,0.0,0.0,0.0,0.0,0.0,0.0,0.0,0.0,0.0,0.0,0.0,0.0,0.0,0.0,0.0,0.0,0.0,0.0,0.0,0.0,0.0,0.0,0.0,0.0,0.0,0.0,0.0,0.0,0.0,0.0,0.0,0.0,0.0,0.0,0.0,0.0,0.0,0.0,0.0,0.0,0.0,0.0,0.0,0.0,0.0,0.0,0.0,0.0,0.0,0.0,0.0,0.0,0.0,0.0,0.0,0.0,0.0,0.0,0.0,0.0,0.0,0.0,0.0,0.0,0.0,0.0,0.0,0.0,0.0,0.0,0.0,0.0,0.0,0.0,0.0,0.0,0.0,0.0,0.0,0.0,0.0,0.0,0.0,0.0,0.0,0.0,0.0,0.0,0.0,0.0,0.0,0.0,0.0,0.0,0.0,0.0,0.0,0.0
3,0.0,0.0,0.0,0.0,0.0,0.0,0.0,0.0,0.0,0.0,0.0,0.0,0.0,0.0,0.0,0.0,0.0,0.0,0.0,0.0,0.0,0.0,0.0,0.0,0.0,0.0,0.0,0.0,0.0,0.0,0.0,0.0,0.0,0.0,0.0,0.0,0.0,0.0,0.0,0.0,0.0,0.0,0.0,0.0,0.0,0.0,0.0,0.0,0.0,0.0,0.0,0.0,0.0,0.0,0.0,0.0,0.0,0.0,0.0,0.0,0.0,0.0,0.0,0.0,1,0.0,0.0,0.0,0.0,0.0,0.0,0.0,0.0,0.0,0.0,0.0,0.0,0.0,0.0,0.0,0.0,0.0,0.0,0.0,0.0,0.0,0.0,0.0,0.0,0.0,0.0,0.0,0.0,0.0,0.0,0.0,0.0,0.0,0.0,0.0,0.0,0.0,0.0,0.0,0.0,0.0,0.0,0.0,0.0,0.0,0.0,0.0,0.0,0.0,0.0,0.0,0.0,0.0,0.0,0.0,0.0,0.0,0.0,0.0,0.0,0.0,0.0,0.0,0.0,0.0,0.0,0.0,0.0,0.0,0.0,0.0,0.0,0.0,0.0,0.0,0.0,0.0,0.0,0.0,0.0,0.0,0.0,0.0,0.0,0.0,0.0,0.0,0.0,0.0,0.0,0.0,0.0,0.0,0.0,0.0,0.0,0.0,0.0,0.0,0.0,0.0,0.0,0.0,0.0,0.0,0.0,0.0,0.0,0.0,0.0,0.0,0.0,0.0,0.0,0.0,0.0,0.0,0.0,0.0,0.0,0.0,0.0,0.0,0.0,0.0,0.0,0.0,0.0,0.0,0.0,0.0,0.0,0.0,0.0,0.0,0.0,0.0,0.0,0.0,0.0,0.0,0.0,0.0,0.0,0.0,0.0,0.0,0.0,0.0,0.0,0.0,0.0,0.0,0.0,0.0,0.0,0.0,0.0,0.0,0.0,0.0,0.0,0.0,0.0,0.0,0.0,0.0,0.0,0.0,0.0,0.0,0.0,0.0,0.0,0.0,0.0,0.0,0.0,0.0,0.0,0.0,0.0,0.0,0.0,0.0,0.0,0.0,0.0,0.0,0.0,0.0,0.0,0.0,0.0,0.0,0.0,0.0,0.0,0.0,0.0,0.0,0.0,0.0,0.0,0.0,0.0,0.0,0.0,0.0,0.0,0.0,0.0,0.0,0.0,0.0,0.0,0.0,0.0,0.0,0.0,0.0,0.0,0.0,0.0,0.0,0.0,0.0,0.0,0.0,0.0,0.0,0.0,0.0,0.0,0.0,0.0,0.0,0.0,0.0,0.0,0.0,0.0,0.0,0.0,0.0,0.0,0.0,0.0,0.0,0.0,0.0,0.0,0.0,0.0,0.0,0.0,0.0,0.0,0.0,0.0,0.0,0.0,0.0,0.0,0.0,0.0,0.0,0.0,0.0,0.0,0.0,0.0,0.0,0.0,0.0,0.0,0.0,0.0,0.0,0.0,0.0,0.0,0.0,0.0,0.0,0.0,0.0,0.0,0.0,0.0,0.0,0.0,0.0,0.0,0.0,0.0,0.0,0.0,0.0,0.0,0.0,0.0,0.0,0.0,0.0,0.0,0.0,0.0,0.0,0.0,0.0,0.0,0.0,0.0,0.0,0.0,0.0,0.0,0.0,0.0,0.0,0.0,0.0,0.0,0.0,0.0,0.0,0.0,0.0,0.0,0.0,0.0,0.0,0.0,0.0,0.0,0.0,0.0,0.0,0.0,0.0,0.0,0.0,0.0,0.0,0.0,0.0,0.0,0.0,0.0,0.0,0.0,0.0,0.0,0.0,0.0,0.0,0.0,0.0,0.0,0.0,0.0,0.0,0.0,0.0,0.0,0.0,0.0,0.0,0.0,0.0,0.0,0.0,0.0,0.0,0.0,0.0,0.0,0.0,0.0,0.0,0.0,0.0,0.0,0.0,0.0,0.0,0.0,0.0,0.0,0.0,0.0,0.0,0.0,0.0,0.0,0.0,0.0,0.0,0.0,0.0,0.0,0.0,0.0,0.0,0.0,0.0,0.0,0.0,0.0,0.0,0.0,0.0,0.0,0.0,0.0,0.0,0.0,0.0,0.0,0.0,0.0,0.0,0.0,0.0,0.0,0.0,0.0,0.0,0.0,0.0,0.0,0.0,0.0,0.0,0.0,0.0,0.0,0.0,0.0,0.0,0.0,0.0,0.0,0.0,0.0,0.0,0.0,0.0,0.0,0.0,0.0,0.0,0.0,0.0,0.0,0.0,0.0,0.0,0.0,0.0,0.0,0.0,0.0,0.0,0.0,0.0,0.0,0.0,0.0,0.0,0.0,0.0,0.0,0.0,0.0,0.0,0.0,0.0,0.0,0.0,0.0,0.0,0.0,0.0,0.0,0.0,0.0,0.0,0.0,0.0,0.0,0.0,0.0,0.0,0.0,0.0,0.0,0.0,0.0,0.0,0.0,0.0,0.0,0.0,0.0,0.0,0.0,0.0,0.0,0.0,0.0,0.0,0.0,0.0,0.0,0.0,0.0,0.0,0.0,0.0,0.0,0.0,0.0,0.0,0.0,0.0,0.0,0.0,0.0,0.0,0.0,0.0,0.0,0.0,0.0,0.0,0.0,0.0,0.0,0.0,0.0,0.0,0.0,0.0,0.0,0.0,0.0,0.0,0.0,0.0,0.0,0.0,0.0,0.0,0.0,0.0,0.0,0.0,0.0,0.0,0.0,0.0,0.0,0.0,0.0,0.0,0.0,0.0,0.0,0.0,0.0,0.0,0.0,0.0,0.0,0.0,0.0,0.0,0.0,0.0,0.0,0.0,0.0,0.0,0.0,0.0,0.0,0.0
4,0.0,0.0,0.0,0.0,0.0,0.0,0.0,0.0,0.0,0.0,0.0,0.0,0.0,0.0,0.0,0.0,0.0,0.0,0.0,0.0,0.0,0.0,0.0,0.0,0.0,0.0,0.0,0.0,0.0,0.0,0.0,0.0,0.0,0.0,0.0,0.0,0.0,0.0,0.0,0.0,0.0,0.0,0.0,0.0,0.0,0.0,0.0,0.0,0.0,0.0,0.0,0.0,0.0,0.0,0.0,0.0,0.0,0.0,0.0,0.0,0.0,0.0,0.0,0.0,1,0.0,0.0,0.0,0.0,0.0,0.0,0.0,0.0,0.0,0.0,0.0,0.0,0.0,0.0,0.0,0.0,0.0,0.0,0.0,0.0,0.0,0.0,0.0,0.0,0.0,0.0,0.0,0.0,0.0,0.0,0.0,0.0,0.0,0.0,0.0,0.0,0.0,0.0,0.0,0.0,0.0,0.0,0.0,0.0,0.0,0.0,0.0,0.0,0.0,0.0,0.0,0.0,0.0,0.0,0.0,0.0,0.0,0.0,0.0,0.0,0.0,0.0,0.0,0.0,0.0,0.0,0.0,0.0,0.0,0.0,0.0,0.0,0.0,0.0,0.0,0.0,0.0,0.0,0.0,0.0,0.0,0.0,0.0,0.0,0.0,0.0,0.0,0.0,0.0,0.0,0.0,0.0,0.0,0.0,0.0,0.0,0.0,0.0,0.0,0.0,0.0,0.0,0.0,0.0,0.0,0.0,0.0,0.0,0.0,0.0,0.0,0.0,0.0,0.0,0.0,0.0,0.0,0.0,0.0,0.0,0.0,0.0,0.0,0.0,0.0,0.0,0.0,0.0,0.0,0.0,0.0,0.0,0.0,0.0,0.0,0.0,0.0,0.0,0.0,0.0,0.0,0.0,0.0,0.0,0.0,0.0,0.0,0.0,0.0,0.0,0.0,0.0,0.0,0.0,0.0,0.0,0.0,0.0,0.0,0.0,0.0,0.0,0.0,0.0,0.0,0.0,0.0,0.0,0.0,0.0,0.0,0.0,0.0,0.0,0.0,0.0,0.0,0.0,0.0,0.0,0.0,0.0,0.0,0.0,0.0,0.0,0.0,0.0,0.0,0.0,0.0,0.0,0.0,0.0,0.0,0.0,0.0,0.0,0.0,0.0,0.0,0.0,0.0,0.0,0.0,0.0,0.0,0.0,0.0,0.0,0.0,0.0,0.0,0.0,0.0,0.0,0.0,0.0,0.0,0.0,0.0,0.0,0.0,0.0,0.0,0.0,0.0,0.0,0.0,0.0,0.0,0.0,0.0,0.0,0.0,0.0,0.0,0.0,0.0,0.0,0.0,0.0,0.0,0.0,0.0,0.0,0.0,0.0,0.0,0.0,0.0,0.0,0.0,0.0,0.0,0.0,0.0,0.0,0.0,0.0,0.0,0.0,0.0,0.0,0.0,0.0,0.0,0.0,0.0,0.0,0.0,0.0,0.0,0.0,0.0,0.0,0.0,0.0,0.0,0.0,0.0,0.0,0.0,0.0,0.0,0.0,0.0,0.0,0.0,0.0,0.0,0.0,0.0,0.0,0.0,0.0,0.0,0.0,0.0,0.0,0.0,0.0,0.0,0.0,0.0,0.0,0.0,0.0,0.0,0.0,0.0,0.0,0.0,0.0,0.0,0.0,0.0,0.0,0.0,0.0,0.0,0.0,0.0,0.0,0.0,0.0,0.0,0.0,0.0,0.0,0.0,0.0,0.0,0.0,0.0,0.0,0.0,0.0,0.0,0.0,0.0,0.0,0.0,0.0,0.0,0.0,0.0,0.0,0.0,0.0,0.0,0.0,0.0,0.0,0.0,0.0,0.0,0.0,0.0,0.0,0.0,0.0,0.0,0.0,0.0,0.0,0.0,0.0,0.0,0.0,0.0,0.0,0.0,0.0,0.0,0.0,0.0,0.0,0.0,0.0,0.0,0.0,0.0,0.0,0.0,0.0,0.0,0.0,0.0,0.0,0.0,0.0,0.0,0.0,0.0,0.0,0.0,0.0,0.0,0.0,0.0,0.0,0.0,0.0,0.0,0.0,0.0,0.0,0.0,0.0,0.0,0.0,0.0,0.0,0.0,0.0,0.0,0.0,0.0,0.0,0.0,0.0,0.0,0.0,0.0,0.0,0.0,0.0,0.0,0.0,0.0,0.0,0.0,0.0,0.0,0.0,0.0,0.0,0.0,0.0,0.0,0.0,0.0,0.0,0.0,0.0,0.0,0.0,0.0,0.0,0.0,0.0,0.0,0.0,0.0,0.0,0.0,0.0,0.0,0.0,0.0,0.0,0.0,0.0,0.0,0.0,0.0,0.0,0.0,0.0,0.0,0.0,0.0,0.0,0.0,0.0,0.0,0.0,0.0,0.0,0.0,0.0,0.0,0.0,0.0,0.0,0.0,0.0,0.0,0.0,0.0,0.0,0.0,0.0,0.0,0.0,0.0,0.0,0.0,0.0,0.0,0.0,0.0,0.0,0.0,0.0,0.0,0.0,0.0,0.0,0.0,0.0,0.0,0.0,0.0,0.0,0.0,0.0,0.0,0.0,0.0,0.0,0.0,0.0,0.0,0.0,0.0,0.0,0.0,0.0,0.0,0.0,0.0,0.0,0.0,0.0,0.0,0.0,0.0,0.0,0.0,0.0,0.0,0.0,0.0,0.0,0.0,0.0,0.0,0.0,0.0,0.0,0.0,0.0,0.0,0.0,0.0,0.0,0.0,0.0,0.0,0.0,0.0,0.0,0.0,0.0,0.0,0.0,0.0,0.0,0.0,0.0,0.0,0.0,0.0,0.0,0.0,0.0,0.0,0.0,0.0,0.0,0.0,0.0,0.0,0.0,0.0,0.0,0.0
5,0.0,0.0,0.0,0.0,0.0,0.0,0.0,0.0,0.0,0.0,0.0,0.0,0.0,0.0,0.0,0.0,0.0,0.0,0.1679749015727862,0.0,0.0,0.6411798060654698,0.21372660202182325,0.0,0.0,0.0,0.0,0.0,0.0,0.0,0.0,0.0,0.0,0.0,0.0,0.0,0.0,0.0,0.0,0.0,0.0,0.0,0.0,0.0,0.0,0.1679749015727862,0.18796058052443348,0.0,0.0,0.6718996062911448,0.0,0.0,0.0,0.0,0.0,0.0,0.0,0.0,0.0,0.0,0.0,0.0,0.0,0.0,1,0.0,0.0,0.0,0.0,0.0,0.0,0.0,0.0,0.0,0.0,0.0,0.0,0.0,0.0,0.0,0.0,0.0,0.0,0.0,0.0,0.0,0.0,0.0,0.0,0.0,0.0,0.0,0.0,0.0,0.0,0.0,0.0,0.0,0.0,0.0,0.0,0.0,0.0,0.0,0.0,0.0,0.0,0.0,0.0,0.0,0.0,0.0,0.0,0.0,0.0,0.0,0.0,0.0,0.0,0.0,0.0,0.0,0.0,0.0,0.0,0.0,0.0,0.0,0.0,0.0,0.0,0.0,0.0,0.0,0.0,0.0,0.0,0.0,0.0,0.0,0.0,0.0,0.0,0.0,0.0,0.0,0.0,0.0,0.0,0.0,0.0,0.0,0.0,0.0,0.0,0.0,0.0,0.0,0.0,0.0,0.0,0.0,0.0,0.0,0.0,0.0,0.0,0.0,0.0,0.0,0.0,0.0,0.0,0.0,0.0,0.0,0.0,0.0,0.0,0.0,0.0,0.0,0.0,0.0,0.0,0.0,0.0,0.0,0.0,0.0,0.0,0.0,0.0,0.0,0.0,0.0,0.0,0.0,0.0,0.0,0.0,0.0,0.0,0.0,0.0,0.0,0.0,0.0,0.0,0.0,0.0,0.0,0.0,0.0,0.0,0.0,0.0,0.0,0.0,0.0,0.0,0.0,0.0,0.0,0.0,0.0,0.0,0.0,0.0,0.0,0.0,0.0,0.0,0.0,0.0,0.0,0.0,0.0,0.0,0.0,0.0,0.0,0.0,0.0,0.0,0.0,0.0,0.0,0.0,0.0,0.0,0.0,0.0,0.0,0.0,0.0,0.0,0.0,0.0,0.0,0.0,0.0,0.0,0.0,0.0,0.0,0.0,0.0,0.0,0.0,0.0,0.0,0.0,0.0,0.0,0.0,0.0,0.0,0.0,0.0,0.0,0.0,0.0,0.0,0.0,0.0,0.0,0.0,0.0,0.0,0.0,0.0,0.0,0.0,0.0,0.0,0.0,0.0,0.0,0.0,0.0,0.0,0.0,0.0,0.0,0.0,0.0,0.0,0.0,0.0,0.0,0.0,0.0,0.0,0.0,0.0,0.0,0.0,0.0,0.0,0.0,0.0,0.0,0.0,0.0,0.0,0.0,0.0,0.0,0.0,0.0,0.0,0.0,0.0,0.0,0.0,0.0,0.0,0.0,0.0,0.0,0.0,0.0,0.0,0.0,0.0,0.0,0.0,0.0,0.0,0.0,0.0,0.0,0.0,0.0,0.0,0.0,0.0,0.0,0.0,0.0,0.0,0.0,0.0,0.0,0.0,0.0,0.0,0.0,0.0,0.0,0.0,0.0,0.0,0.0,0.0,0.0,0.0,0.0,0.0,0.0,0.0,0.0,0.0,0.0,0.0,0.0,0.0,0.0,0.0,0.0,0.0,0.0,0.0,0.0,0.0,0.0,0.0,0.0,0.0,0.0,0.0,0.0,0.0,0.0,0.0,0.0,0.0,0.0,0.0,0.0,0.0,0.0,0.0,0.0,0.0,0.0,0.0,0.0,0.0,0.0,0.0,0.0,0.0,0.0,0.0,0.0,0.0,0.0,0.0,0.0,0.0,0.0,0.0,0.0,0.0,0.0,0.0,0.0,0.0,0.0,0.0,0.0,0.0,0.0,0.0,0.0,0.0,0.0,0.0,0.0,0.0,0.0,0.0,0.0,0.0,0.0,0.0,0.0,0.0,0.0,0.0,0.0,0.0,0.0,0.0,0.0,0.0,0.0,0.0,0.0,0.0,0.0,0.0,0.0,0.0,0.0,0.0,0.0,0.0,0.0,0.0,0.0,0.0,0.0,0.0,0.0,0.0,0.0,0.0,0.0,0.0,0.0,0.0,0.0,0.0,0.0,0.0,0.0,0.0,0.0,0.0,0.0,0.0,0.0,0.0,0.0,0.0,0.0,0.0,0.0,0.0,0.0,0.0,0.0,0.0,0.0,0.0,0.0,0.0,0.0,0.0,0.0,0.0,0.0,0.0,0.0,0.0,0.0,0.0,0.0,0.0,0.0,0.0,0.0,0.0,0.0,0.0,0.0,0.0,0.0,0.0,0.0,0.0,0.0,0.0,0.0,0.0,0.0,0.0,0.0,0.0,0.0,0.0,0.0,0.0,0.0,0.0,0.0,0.0,0.0,0.0,0.0,0.0,0.0,0.0,0.0,0.0,0.0,0.0,0.0,0.0,0.0,0.0,0.0,0.0,0.0,0.0,0.0,0.0,0.0,0.0,0.0,0.0,0.0,0.0,0.0,0.0,0.0,0.0,0.0,0.0,0.0,0.0,0.0,0.0,0.0,0.0,0.0,0.0,0.0,0.0,0.0,0.0,0.0,0.0,0.0,0.0,0.0,0.0,0.0,0.0,0.0,0.0,0.0,0.0,0.0,0.0,0.0,0.0,0.0,0.0,0.0,0.0,0.0,0.0,0.0,0.0,0.0,0.0,0.0,0.0,0.0,0.0,0.0,0.0,0.0,0.0,0.0,0.0,0.0,0.0,0.0,0.0,0.0,0.0,0.0,0.0,0.0,0.0,0.0,0.0,0.0,0.0
6,0.1039298051699742,0.1039298051699742,0.11817671580813847,0.1039298051699742,0.11817671580813847,0.11817671580813847,0.0,0.1039298051699742,0.1039298051699742,0.1039298051699742,0.11817671580813847,0.11817671580813847,0.0,0.11817671580813847,0.11817671580813847,0.11817671580813847,0.1039298051699742,0.1039298051699742,0.09287904275032764,0.1039298051699742,0.1039298051699742,0.0,0.0,0.1039298051699742,0.11817671580813847,0.11817671580813847,0.11817671580813847,0.0,0.11817671580813847,0.11817671580813847,0.11817671580813847,0.11817671580813847,0.1039298051699742,0.519649025849871,0.11817671580813847,0.11817671580813847,0.11817671580813847,0.11817671580813847,0.11817671580813847,0.11817671580813847,0.11817671580813847,0.11817671580813847,0.11817671580813847,0.11817671580813847,0.11817671580813847,0.09287904275032764,0.1039298051699742,0.11817671580813847,0.11817671580813847,0.18575808550065528,0.1039298051699742,0.1039298051699742,0.1039298051699742,0.1039298051699742,0.1039298051699742,0.1039298051699742,0.1039298051699742,0.1039298051699742,0.1039298051699742,0.1039298051699742,0.1039298051699742,0.11817671580813847,0.11817671580813847,0.0,1,0.0,0.0,0.0,0.0,0.0,0.0,0.0,0.0,0.0,0.0,0.0,0.0,0.0,0.0,0.0,0.0,0.0,0.0,0.0,0.0,0.0,0.0,0.0,0.0,0.0,0.0,0.0,0.0,0.0,0.0,0.0,0.0,0.0,0.0,0.0,0.0,0.0,0.0,0.0,0.0,0.0,0.0,0.0,0.0,0.0,0.0,0.0,0.0,0.0,0.0,0.0,0.0,0.0,0.0,0.0,0.0,0.0,0.0,0.0,0.0,0.0,0.0,0.0,0.0,0.0,0.0,0.0,0.0,0.0,0.0,0.0,0.0,0.0,0.0,0.0,0.0,0.0,0.0,0.0,0.0,0.0,0.0,0.0,0.0,0.0,0.0,0.0,0.0,0.0,0.0,0.0,0.0,0.0,0.0,0.0,0.0,0.0,0.0,0.0,0.0,0.0,0.0,0.0,0.0,0.0,0.0,0.0,0.0,0.0,0.0,0.0,0.0,0.0,0.0,0.0,0.0,0.0,0.0,0.0,0.0,0.0,0.0,0.0,0.0,0.0,0.0,0.0,0.0,0.0,0.0,0.0,0.0,0.0,0.0,0.0,0.0,0.0,0.0,0.0,0.0,0.0,0.0,0.0,0.0,0.0,0.0,0.0,0.0,0.0,0.0,0.0,0.0,0.0,0.0,0.0,0.0,0.0,0.0,0.0,0.0,0.0,0.0,0.0,0.0,0.0,0.0,0.0,0.0,0.0,0.0,0.0,0.0,0.0,0.0,0.0,0.0,0.0,0.0,0.0,0.0,0.0,0.0,0.0,0.0,0.0,0.0,0.0,0.0,0.0,0.0,0.0,0.0,0.0,0.0,0.0,0.0,0.0,0.0,0.0,0.0,0.0,0.0,0.0,0.0,0.0,0.0,0.0,0.0,0.0,0.0,0.0,0.0,0.0,0.0,0.0,0.0,0.0,0.0,0.0,0.0,0.0,0.0,0.0,0.0,0.0,0.0,0.0,0.0,0.0,0.0,0.0,0.0,0.0,0.0,0.0,0.0,0.0,0.0,0.0,0.0,0.0,0.0,0.0,0.0,0.0,0.0,0.0,0.0,0.0,0.0,0.0,0.0,0.0,0.0,0.0,0.0,0.0,0.0,0.0,0.0,0.0,0.0,0.0,0.0,0.0,0.0,0.0,0.0,0.0,0.0,0.0,0.0,0.0,0.0,0.0,0.0,0.0,0.0,0.0,0.0,0.0,0.0,0.0,0.0,0.0,0.0,0.0,0.0,0.0,0.0,0.0,0.0,0.0,0.0,0.0,0.0,0.0,0.0,0.0,0.0,0.0,0.0,0.0,0.0,0.0,0.0,0.0,0.0,0.0,0.0,0.0,0.0,0.0,0.0,0.0,0.0,0.0,0.0,0.0,0.0,0.0,0.0,0.0,0.0,0.0,0.0,0.0,0.0,0.0,0.0,0.0,0.0,0.0,0.0,0.0,0.0,0.0,0.0,0.0,0.0,0.0,0.0,0.0,0.0,0.0,0.0,0.0,0.0,0.0,0.0,0.0,0.0,0.0,0.0,0.0,0.0,0.0,0.0,0.0,0.0,0.0,0.0,0.0,0.0,0.0,0.0,0.0,0.0,0.0,0.0,0.0,0.0,0.0,0.0,0.0,0.0,0.0,0.0,0.0,0.0,0.0,0.0,0.0,0.0,0.0,0.0,0.0,0.0,0.0,0.0,0.0,0.0,0.0,0.0,0.0,0.0,0.0,0.0,0.0,0.0,0.0,0.0,0.0,0.0,0.0,0.0,0.0,0.0,0.0,0.0,0.0,0.0,0.0,0.0,0.0,0.0,0.0,0.0,0.0,0.0,0.0,0.0,0.0,0.0,0.0,0.0,0.0,0.0,0.0,0.0,0.0,0.0,0.0,0.0,0.0,0.0,0.0,0.0,0.0,0.0,0.0,0.0,0.0,0.0,0.0,0.0,0.0,0.0,0.0,0.0,0.0,0.0,0.0,0.0,0.0,0.0,0.0,0.0,0.0,0.0,0.0,0.0,0.0,0.0,0.0,0.0,0.0,0.0,0.0,0.0,0.0,0.0,0.0,0.0,0.0,0.0,0.0,0.0,0.0,0.0,0.0,0.0,0.0,0.0,0.0,0.0,0.0,0.0,0.0,0.0,0.0,0.0,0.0,0.0,0.0,0.0,0.0,0.0,0.0,0.0,0.0,0.0,0.0,0.0,0.0,0.0,0.0,0.0,0.0,0.0,0.0,0.0,0.0,0.0,0.0,0.0,0.0,0.0,0.0,0.0,0.0,0.0,0.0,0.0,0.0,0.0,0.0,0.0,0.0,0.0,0.0,0.0,0.0,0.0,0.0,0.0,0.0,0.0,0.0,0.0,0.0,0.0,0.0,0.0,0.0,0.0,0.0,0.0,0.0,0.0,0.0,0.0,0.0,0.0,0.0,0.0,0.0,0.0,0.0,0.0,0.0,0.0,0.0,0.0,0.0,0.0,0.0,0.0,0.0,0.0,0.0,0.0,0.0,0.0,0.0,0.0,0.0,0.0,0.0,0.0,0.0,0.0,0.0,0.0,0.0,0.0,0.0,0.0,0.0
7,0.10080525754217542,0.10080525754217542,0.0,0.10080525754217542,0.0,0.0,0.0,0.10080525754217542,0.10080525754217542,0.10080525754217542,0.11462384878952459,0.11462384878952459,0.0,0.11462384878952459,0.11462384878952459,0.11462384878952459,0.10080525754217542,0.10080525754217542,0.09008672545286774,0.10080525754217542,0.10080525754217542,0.0,0.0,0.10080525754217542,0.11462384878952459,0.11462384878952459,0.11462384878952459,0.0,0.11462384878952459,0.0,0.0,0.0,0.10080525754217542,0.6048315452530526,0.11462384878952459,0.11462384878952459,0.11462384878952459,0.11462384878952459,0.11462384878952459,0.11462384878952459,0.22924769757904917,0.11462384878952459,0.11462384878952459,0.11462384878952459,0.11462384878952459,0.09008672545286774,0.10080525754217542,0.11462384878952459,0.11462384878952459,0.18017345090573547,0.10080525754217542,0.10080525754217542,0.10080525754217542,0.10080525754217542,0.10080525754217542,0.10080525754217542,0.10080525754217542,0.10080525754217542,0.10080525754217542,0.10080525754217542,0.10080525754217542,0.0,0.11462384878952459,0.0,1,0.0,0.0,0.0,0.0,0.0,0.0,0.0,0.0,0.0,0.0,0.0,0.0,0.0,0.0,0.0,0.0,0.0,0.0,0.0,0.0,0.0,0.0,0.0,0.0,0.0,0.0,0.0,0.0,0.0,0.0,0.0,0.0,0.0,0.0,0.0,0.0,0.0,0.0,0.0,0.0,0.0,0.0,0.0,0.0,0.0,0.0,0.0,0.0,0.0,0.0,0.0,0.0,0.0,0.0,0.0,0.0,0.0,0.0,0.0,0.0,0.0,0.0,0.0,0.0,0.0,0.0,0.0,0.0,0.0,0.0,0.0,0.0,0.0,0.0,0.0,0.0,0.0,0.0,0.0,0.0,0.0,0.0,0.0,0.0,0.0,0.0,0.0,0.0,0.0,0.0,0.0,0.0,0.0,0.0,0.0,0.0,0.0,0.0,0.0,0.0,0.0,0.0,0.0,0.0,0.0,0.0,0.0,0.0,0.0,0.0,0.0,0.0,0.0,0.0,0.0,0.0,0.0,0.0,0.0,0.0,0.0,0.0,0.0,0.0,0.0,0.0,0.0,0.0,0.0,0.0,0.0,0.0,0.0,0.0,0.0,0.0,0.0,0.0,0.0,0.0,0.0,0.0,0.0,0.0,0.0,0.0,0.0,0.0,0.0,0.0,0.0,0.0,0.0,0.0,0.0,0.0,0.0,0.0,0.0,0.0,0.0,0.0,0.0,0.0,0.0,0.0,0.0,0.0,0.0,0.0,0.0,0.0,0.0,0.0,0.0,0.0,0.0,0.0,0.0,0.0,0.0,0.0,0.0,0.0,0.0,0.0,0.0,0.0,0.0,0.0,0.0,0.0,0.0,0.0,0.0,0.0,0.0,0.0,0.0,0.0,0.0,0.0,0.0,0.0,0.0,0.0,0.0,0.0,0.0,0.0,0.0,0.0,0.0,0.0,0.0,0.0,0.0,0.0,0.0,0.0,0.0,0.0,0.0,0.0,0.0,0.0,0.0,0.0,0.0,0.0,0.0,0.0,0.0,0.0,0.0,0.0,0.0,0.0,0.0,0.0,0.0,0.0,0.0,0.0,0.0,0.0,0.0,0.0,0.0,0.0,0.0,0.0,0.0,0.0,0.0,0.0,0.0,0.0,0.0,0.0,0.0,0.0,0.0,0.0,0.0,0.0,0.0,0.0,0.0,0.0,0.0,0.0,0.0,0.0,0.0,0.0,0.0,0.0,0.0,0.0,0.0,0.0,0.0,0.0,0.0,0.0,0.0,0.0,0.0,0.0,0.0,0.0,0.0,0.0,0.0,0.0,0.0,0.0,0.0,0.0,0.0,0.0,0.0,0.0,0.0,0.0,0.0,0.0,0.0,0.0,0.0,0.0,0.0,0.0,0.0,0.0,0.0,0.0,0.0,0.0,0.0,0.0,0.0,0.0,0.0,0.0,0.0,0.0,0.0,0.0,0.0,0.0,0.0,0.0,0.0,0.0,0.0,0.0,0.0,0.0,0.0,0.0,0.0,0.0,0.0,0.0,0.0,0.0,0.0,0.0,0.0,0.0,0.0,0.0,0.0,0.0,0.0,0.0,0.0,0.0,0.0,0.0,0.0,0.0,0.0,0.0,0.0,0.0,0.0,0.0,0.0,0.0,0.0,0.0,0.0,0.0,0.0,0.0,0.0,0.0,0.0,0.0,0.0,0.0,0.0,0.0,0.0,0.0,0.0,0.0,0.0,0.0,0.0,0.0,0.0,0.0,0.0,0.0,0.0,0.0,0.0,0.0,0.0,0.0,0.0,0.0,0.0,0.0,0.0,0.0,0.0,0.0,0.0,0.0,0.0,0.0,0.0,0.0,0.0,0.0,0.0,0.0,0.0,0.0,0.0,0.0,0.0,0.0,0.0,0.0,0.0,0.0,0.0,0.0,0.0,0.0,0.0,0.0,0.0,0.0,0.0,0.0,0.0,0.0,0.0,0.0,0.0,0.0,0.0,0.0,0.0,0.0,0.0,0.0,0.0,0.0,0.0,0.0,0.0,0.0,0.0,0.0,0.0,0.0,0.0,0.0,0.0,0.0,0.0,0.0,0.0,0.0,0.0,0.0,0.0,0.0,0.0,0.0,0.0,0.0,0.0,0.0,0.0,0.0,0.0,0.0,0.0,0.0,0.0,0.0,0.0,0.0,0.0,0.0,0.0,0.0,0.0,0.0,0.0,0.0,0.0,0.0,0.0,0.0,0.0,0.0,0.0,0.0,0.0,0.0,0.0,0.0,0.0,0.0,0.0,0.0,0.0,0.0,0.0,0.0,0.0,0.0,0.0,0.0,0.0,0.0,0.0,0.0,0.0,0.0,0.0,0.0,0.0,0.0,0.0,0.0,0.0,0.0,0.0,0.0,0.0,0.0,0.0,0.0,0.0,0.0,0.0,0.0,0.0,0.0,0.0,0.0,0.0,0.0,0.0,0.0,0.0,0.0,0.0,0.0,0.0,0.0,0.0,0.0,0.0,0.0,0.0,0.0,0.0,0.0,0.0,0.0,0.0,0.0,0.0,0.0,0.0,0.0,0.0,0.0,0.0,0.0,0.0,0.0,0.0,0.0,0.0,0.0,0.0
8,0.18584816743446345,0.18584816743446345,0.211324615017282,0.18584816743446345,0.211324615017282,0.211324615017282,0.0,0.18584816743446345,0.18584816743446345,0.18584816743446345,0.0,0.0,0.0,0.0,0.0,0.0,0.18584816743446345,0.18584816743446345,0.0,0.0,0.0,0.0,0.0,0.0,0.0,0.0,0.0,0.0,0.0,0.211324615017282,0.211324615017282,0.211324615017282,0.18584816743446345,0.0,0.0,0.0,0.0,0.0,0.0,0.0,0.0,0.0,0.0,0.0,0.0,0.0,0.0,0.0,0.0,0.33217419892176375,0.18584816743446345,0.18584816743446345,0.18584816743446345,0.18584816743446345,0.18584816743446345,0.18584816743446345,0.18584816743446345,0.18584816743446345,0.18584816743446345,0.0,0.0,0.0,0.0,0.0,1,0.0,0.0,0.0,0.0,0.0,0.0,0.0,0.0,0.0,0.0,0.0,0.0,0.0,0.0,0.0,0.0,0.0,0.0,0.0,0.0,0.0,0.0,0.0,0.0,0.0,0.0,0.0,0.0,0.0,0.0,0.0,0.0,0.0,0.0,0.0,0.0,0.0,0.0,0.0,0.0,0.0,0.0,0.0,0.0,0.0,0.0,0.0,0.0,0.0,0.0,0.0,0.0,0.0,0.0,0.0,0.0,0.0,0.0,0.0,0.0,0.0,0.0,0.0,0.0,0.0,0.0,0.0,0.0,0.0,0.0,0.0,0.0,0.0,0.0,0.0,0.0,0.0,0.0,0.0,0.0,0.0,0.0,0.0,0.0,0.0,0.0,0.0,0.0,0.0,0.0,0.0,0.0,0.0,0.0,0.0,0.0,0.0,0.0,0.0,0.0,0.0,0.0,0.0,0.0,0.0,0.0,0.0,0.0,0.0,0.0,0.0,0.0,0.0,0.0,0.0,0.0,0.0,0.0,0.0,0.0,0.0,0.0,0.0,0.0,0.0,0.0,0.0,0.0,0.0,0.0,0.0,0.0,0.0,0.0,0.0,0.0,0.0,0.0,0.0,0.0,0.0,0.0,0.0,0.0,0.0,0.0,0.0,0.0,0.0,0.0,0.0,0.0,0.0,0.0,0.0,0.0,0.0,0.0,0.0,0.0,0.0,0.0,0.0,0.0,0.0,0.0,0.0,0.0,0.0,0.0,0.0,0.0,0.0,0.0,0.0,0.0,0.0,0.0,0.0,0.0,0.0,0.0,0.0,0.0,0.0,0.0,0.0,0.0,0.0,0.0,0.0,0.0,0.0,0.0,0.0,0.0,0.0,0.0,0.0,0.0,0.0,0.0,0.0,0.0,0.0,0.0,0.0,0.0,0.0,0.0,0.0,0.0,0.0,0.0,0.0,0.0,0.0,0.0,0.0,0.0,0.0,0.0,0.0,0.0,0.0,0.0,0.0,0.0,0.0,0.0,0.0,0.0,0.0,0.0,0.0,0.0,0.0,0.0,0.0,0.0,0.0,0.0,0.0,0.0,0.0,0.0,0.0,0.0,0.0,0.0,0.0,0.0,0.0,0.0,0.0,0.0,0.0,0.0,0.0,0.0,0.0,0.0,0.0,0.0,0.0,0.0,0.0,0.0,0.0,0.0,0.0,0.0,0.0,0.0,0.0,0.0,0.0,0.0,0.0,0.0,0.0,0.0,0.0,0.0,0.0,0.0,0.0,0.0,0.0,0.0,0.0,0.0,0.0,0.0,0.0,0.0,0.0,0.0,0.0,0.0,0.0,0.0,0.0,0.0,0.0,0.0,0.0,0.0,0.0,0.0,0.0,0.0,0.0,0.0,0.0,0.0,0.0,0.0,0.0,0.0,0.0,0.0,0.0,0.0,0.0,0.0,0.0,0.0,0.0,0.0,0.0,0.0,0.0,0.0,0.0,0.0,0.0,0.0,0.0,0.0,0.0,0.0,0.0,0.0,0.0,0.0,0.0,0.0,0.0,0.0,0.0,0.0,0.0,0.0,0.0,0.0,0.0,0.0,0.0,0.0,0.0,0.0,0.0,0.0,0.0,0.0,0.0,0.0,0.0,0.0,0.0,0.0,0.0,0.0,0.0,0.0,0.0,0.0,0.0,0.0,0.0,0.0,0.0,0.0,0.0,0.0,0.0,0.0,0.0,0.0,0.0,0.0,0.0,0.0,0.0,0.0,0.0,0.0,0.0,0.0,0.0,0.0,0.0,0.0,0.0,0.0,0.0,0.0,0.0,0.0,0.0,0.0,0.0,0.0,0.0,0.0,0.0,0.0,0.0,0.0,0.0,0.0,0.0,0.0,0.0,0.0,0.0,0.0,0.0,0.0,0.0,0.0,0.0,0.0,0.0,0.0,0.0,0.0,0.0,0.0,0.0,0.0,0.0,0.0,0.0,0.0,0.0,0.0,0.0,0.0,0.0,0.0,0.0,0.0,0.0,0.0,0.0,0.0,0.0,0.0,0.0,0.0,0.0,0.0,0.0,0.0,0.0,0.0,0.0,0.0,0.0,0.0,0.0,0.0,0.0,0.0,0.0,0.0,0.0,0.0,0.0,0.0,0.0,0.0,0.0,0.0,0.0,0.0,0.0,0.0,0.0,0.0,0.0,0.0,0.0,0.0,0.0,0.0,0.0,0.0,0.0,0.0,0.0,0.0,0.0,0.0,0.0,0.0,0.0,0.0,0.0,0.0,0.0,0.0,0.0,0.0,0.0,0.0,0.0,0.0,0.0,0.0,0.0,0.0,0.0,0.0,0.0,0.0,0.0,0.0,0.0,0.0,0.0,0.0,0.0,0.0,0.0,0.0,0.0,0.0,0.0,0.0,0.0,0.0,0.0,0.0,0.0,0.0,0.0,0.0,0.0,0.0,0.0,0.0,0.0,0.0,0.0,0.0,0.0,0.0,0.0,0.0,0.0,0.0,0.0,0.0,0.0,0.0,0.0,0.0,0.0,0.0,0.0,0.0,0.0,0.0,0.0,0.0,0.0,0.0,0.0,0.0,0.0,0.0,0.0,0.0,0.0,0.0,0.0
9,0.0,0.0,0.0,0.0,0.0,0.0,0.08406636848088991,0.0,0.0,0.0,0.0,0.0,0.08406636848088991,0.0,0.0,0.0,0.0,0.0,0.0,0.0,0.0,0.8406636848088991,0.08406636848088991,0.0,0.0,0.0,0.0,0.44358998663073984,0.0,0.0,0.0,0.0,0.0,0.0,0.0,0.0,0.0,0.0,0.0,0.0,0.0,0.0,0.0,0.0,0.0,0.2642823090354879,0.0,0.0,0.0,0.0,0.0,0.0,0.0,0.0,0.0,0.0,0.0,0.0,0.0,0.0,0.0,0.0,0.0,0.07393166443845664,1,0.0,0.0,0.0,0.0,0.0,0.0,0.0,0.0,0.0,0.0,0.0,0.0,0.0,0.0,0.0,0.0,0.0,0.0,0.0,0.0,0.0,0.0,0.0,0.0,0.0,0.0,0.0,0.0,0.0,0.0,0.0,0.0,0.0,0.0,0.0,0.0,0.0,0.0,0.0,0.0,0.0,0.0,0.0,0.0,0.0,0.0,0.0,0.0,0.0,0.0,0.0,0.0,0.0,0.0,0.0,0.0,0.0,0.0,0.0,0.0,0.0,0.0,0.0,0.0,0.0,0.0,0.0,0.0,0.0,0.0,0.0,0.0,0.0,0.0,0.0,0.0,0.0,0.0,0.0,0.0,0.0,0.0,0.0,0.0,0.0,0.0,0.0,0.0,0.0,0.0,0.0,0.0,0.0,0.0,0.0,0.0,0.0,0.0,0.0,0.0,0.0,0.0,0.0,0.0,0.0,0.0,0.0,0.0,0.0,0.0,0.0,0.0,0.0,0.0,0.0,0.0,0.0,0.0,0.0,0.0,0.0,0.0,0.0,0.0,0.0,0.0,0.0,0.0,0.0,0.0,0.0,0.0,0.0,0.0,0.0,0.0,0.0,0.0,0.0,0.0,0.0,0.0,0.0,0.0,0.0,0.0,0.0,0.0,0.0,0.0,0.0,0.0,0.0,0.0,0.0,0.0,0.0,0.0,0.0,0.0,0.0,0.0,0.0,0.0,0.0,0.0,0.0,0.0,0.0,0.0,0.0,0.0,0.0,0.0,0.0,0.0,0.0,0.0,0.0,0.0,0.0,0.0,0.0,0.0,0.0,0.0,0.0,0.0,0.0,0.0,0.0,0.0,0.0,0.0,0.0,0.0,0.0,0.0,0.0,0.0,0.0,0.0,0.0,0.0,0.0,0.0,0.0,0.0,0.0,0.0,0.0,0.0,0.0,0.0,0.0,0.0,0.0,0.0,0.0,0.0,0.0,0.0,0.0,0.0,0.0,0.0,0.0,0.0,0.0,0.0,0.0,0.0,0.0,0.0,0.0,0.0,0.0,0.0,0.0,0.0,0.0,0.0,0.0,0.0,0.0,0.0,0.0,0.0,0.0,0.0,0.0,0.0,0.0,0.0,0.0,0.0,0.0,0.0,0.0,0.0,0.0,0.0,0.0,0.0,0.0,0.0,0.0,0.0,0.0,0.0,0.0,0.0,0.0,0.0,0.0,0.0,0.0,0.0,0.0,0.0,0.0,0.0,0.0,0.0,0.0,0.0,0.0,0.0,0.0,0.0,0.0,0.0,0.0,0.0,0.0,0.0,0.0,0.0,0.0,0.0,0.0,0.0,0.0,0.0,0.0,0.0,0.0,0.0,0.0,0.0,0.0,0.0,0.0,0.0,0.0,0.0,0.0,0.0,0.0,0.0,0.0,0.0,0.0,0.0,0.0,0.0,0.0,0.0,0.0,0.0,0.0,0.0,0.0,0.0,0.0,0.0,0.0,0.0,0.0,0.0,0.0,0.0,0.0,0.0,0.0,0.0,0.0,0.0,0.0,0.0,0.0,0.0,0.0,0.0,0.0,0.0,0.0,0.0,0.0,0.0,0.0,0.0,0.0,0.0,0.0,0.0,0.0,0.0,0.0,0.0,0.0,0.0,0.0,0.0,0.0,0.0,0.0,0.0,0.0,0.0,0.0,0.0,0.0,0.0,0.0,0.0,0.0,0.0,0.0,0.0,0.0,0.0,0.0,0.0,0.0,0.0,0.0,0.0,0.0,0.0,0.0,0.0,0.0,0.0,0.0,0.0,0.0,0.0,0.0,0.0,0.0,0.0,0.0,0.0,0.0,0.0,0.0,0.0,0.0,0.0,0.0,0.0,0.0,0.0,0.0,0.0,0.0,0.0,0.0,0.0,0.0,0.0,0.0,0.0,0.0,0.0,0.0,0.0,0.0,0.0,0.0,0.0,0.0,0.0,0.0,0.0,0.0,0.0,0.0,0.0,0.0,0.0,0.0,0.0,0.0,0.0,0.0,0.0,0.0,0.0,0.0,0.0,0.0,0.0,0.0,0.0,0.0,0.0,0.0,0.0,0.0,0.0,0.0,0.0,0.0,0.0,0.0,0.0,0.0,0.0,0.0,0.0,0.0,0.0,0.0,0.0,0.0,0.0,0.0,0.0,0.0,0.0,0.0,0.0,0.0,0.0,0.0,0.0,0.0,0.0,0.0,0.0,0.0,0.0,0.0,0.0,0.0,0.0,0.0,0.0,0.0,0.0,0.0,0.0,0.0,0.0,0.0,0.0,0.0,0.0,0.0,0.0,0.0,0.0,0.0,0.0,0.0,0.0,0.0,0.0,0.0,0.0,0.0,0.0,0.0,0.0,0.0,0.0,0.0,0.0,0.0,0.0,0.0,0.0,0.0,0.0,0.0,0.0,0.0,0.0,0.0,0.0,0.0,0.0,0.0,0.0,0.0,0.0,0.0,0.0,0.0,0.0,0.0,0.0,0.0,0.0,0.0,0.0,0.0,0.0,0.0,0.0,0.0,0.0,0.0,0.0,0.0,0.0,0.0,0.0,0.0,0.0,0.0,0.0,0.0,0.0,0.0,0.0,0.0
10,0.0,0.0,0.0,0.0,0.0,0.0,0.0,0.0,0.0,0.0,0.0,0.0,0.0,0.0,0.0,0.0,0.0,0.0,0.0,0.0,0.0,0.0,0.0,0.0,0.0,0.0,0.0,0.0,0.0,0.0,0.0,0.0,0.0,0.0,0.0,0.0,0.0,0.0,0.0,0.0,0.0,0.0,0.0,0.0,0.0,0.0,0.0,0.0,0.0,0.0,0.0,0.0,0.0,0.0,0.0,0.0,0.0,0.0,0.0,0.0,0.0,0.0,0.0,0.0,1,0.0,0.0,0.0,0.0,0.0,0.0,0.0,0.0,0.0,0.0,0.0,0.0,0.0,0.0,0.0,0.0,0.0,0.0,0.0,0.0,0.0,0.0,0.0,0.0,0.0,0.0,0.0,0.0,0.0,0.0,0.0,0.0,0.0,0.0,0.0,0.0,0.0,0.0,0.0,0.0,0.0,0.0,0.0,0.0,0.0,0.0,0.0,0.0,0.0,0.0,0.0,0.0,0.0,0.0,0.0,0.0,0.0,0.0,0.0,0.0,0.0,0.0,0.0,0.0,0.0,0.0,0.0,0.0,0.0,0.0,0.0,0.0,0.0,0.0,0.0,0.0,0.0,0.0,0.0,0.0,0.0,0.0,0.0,0.0,0.0,0.0,0.0,0.0,0.0,0.0,0.0,0.0,0.0,0.0,0.0,0.0,0.0,0.0,0.0,0.0,0.0,0.0,0.0,0.0,0.0,0.0,0.0,0.0,0.0,0.0,0.0,0.0,0.0,0.0,0.0,0.0,0.0,0.0,0.0,0.0,0.0,0.0,0.0,0.0,0.0,0.0,0.0,0.0,0.0,0.0,0.0,0.0,0.0,0.0,0.0,0.0,0.0,0.0,0.0,0.0,0.0,0.0,0.0,0.0,0.0,0.0,0.0,0.0,0.0,0.0,0.0,0.0,0.0,0.0,0.0,0.0,0.0,0.0,0.0,0.0,0.0,0.0,0.0,0.0,0.0,0.0,0.0,0.0,0.0,0.0,0.0,0.0,0.0,0.0,0.0,0.0,0.0,0.0,0.0,0.0,0.0,0.0,0.0,0.0,0.0,0.0,0.0,0.0,0.0,0.0,0.0,0.0,0.0,0.0,0.0,0.0,0.0,0.0,0.0,0.0,0.0,0.0,0.0,0.0,0.0,0.0,0.0,0.0,0.0,0.0,0.0,0.0,0.0,0.0,0.0,0.0,0.0,0.0,0.0,0.0,0.0,0.0,0.0,0.0,0.0,0.0,0.0,0.0,0.0,0.0,0.0,0.0,0.0,0.0,0.0,0.0,0.0,0.0,0.0,0.0,0.0,0.0,0.0,0.0,0.0,0.0,0.0,0.0,0.0,0.0,0.0,0.0,0.0,0.0,0.0,0.0,0.0,0.0,0.0,0.0,0.0,0.0,0.0,0.0,0.0,0.0,0.0,0.0,0.0,0.0,0.0,0.0,0.0,0.0,0.0,0.0,0.0,0.0,0.0,0.0,0.0,0.0,0.0,0.0,0.0,0.0,0.0,0.0,0.0,0.0,0.0,0.0,0.0,0.0,0.0,0.0,0.0,0.0,0.0,0.0,0.0,0.0,0.0,0.0,0.0,0.0,0.0,0.0,0.0,0.0,0.0,0.0,0.0,0.0,0.0,0.0,0.0,0.0,0.0,0.0,0.0,0.0,0.0,0.0,0.0,0.0,0.0,0.0,0.0,0.0,0.0,0.0,0.0,0.0,0.0,0.0,0.0,0.0,0.0,0.0,0.0,0.0,0.0,0.0,0.0,0.0,0.0,0.0,0.0,0.0,0.0,0.0,0.0,0.0,0.0,0.0,0.0,0.0,0.0,0.0,0.0,0.0,0.0,0.0,0.0,0.0,0.0,0.0,0.0,0.0,0.0,0.0,0.0,0.0,0.0,0.0,0.0,0.0,0.0,0.0,0.0,0.0,0.0,0.0,0.0,0.0,0.0,0.0,0.0,0.0,0.0,0.0,0.0,0.0,0.0,0.0,0.0,0.0,0.0,0.0,0.0,0.0,0.0,0.0,0.0,0.0,0.0,0.0,0.0,0.0,0.0,0.0,0.0,0.0,0.0,0.0,0.0,0.0,0.0,0.0,0.0,0.0,0.0,0.0,0.0,0.0,0.0,0.0,0.0,0.0,0.0,0.0,0.0,0.0,0.0,0.0,0.0,0.0,0.0,0.0,0.0,0.0,0.0,0.0,0.0,0.0,0.0,0.0,0.0,0.0,0.0,0.0,0.0,0.0,0.0,0.0,0.0,0.0,0.0,0.0,0.0,0.0,0.0,0.0,0.0,0.0,0.0,0.0,0.0,0.0,0.0,0.0,0.0,0.0,0.0,0.0,0.0,0.0,0.0,0.0,0.0,0.0,0.0,0.0,0.0,0.0,0.0,0.0,0.0,0.0,0.0,0.0,0.0,0.0,0.0,0.0,0.0,0.0,0.0,0.0,0.0,0.0,0.0,0.0,0.0,0.0,0.0,0.0,0.0,0.0,0.0,0.0,0.0,0.0,0.0,0.0,0.0,0.0,0.0,0.0,0.0,0.0,0.0,0.0,0.0,0.0,0.0,0.0,0.0,0.0,0.0,0.0,0.0,0.0,0.0,0.0,0.0,0.0,0.0,0.0,0.0,0.0,0.0,0.0,0.0,0.0,0.0,0.0,0.0,0.0,0.0,0.0,0.0,0.0,0.0,0.0,0.0,0.0,0.0,0.0,0.0,0.0,0.0,0.0,0.0,0.0,0.0,0.0,0.0,0.0,0.0,0.0,0.0,0.0,0.0,0.0,0.0,0.0,0.0,0.0,0.0,0.0,0.0,0.0,0.0,0.0,0.0,0.0,0.0
0,0.0,0.0,0.0,0.0,0.0,0.0,0.060952783044699456,0.0,0.0,0.0,0.0,0.0,0.0,0.0,0.0,0.0,0.0,0.0,0.0,0.0,0.0,0.0,0.0,0.0,0.0,0.0,0.0,0.0,0.0,0.0,0.0,0.0,0.0,0.0,0.0,0.0,0.0,0.0,0.0,0.0,0.0,0.0,0.0,0.020317594348233152,0.0,0.0,0.0,0.0,0.0,0.11177794972589544,0.0,0.0,0.0,0.0,0.0,0.0,0.0,0.0,0.0,0.0,0.0,0.0,0.0,0.0,0,0.0,0.0,0.0,0.0,0.0,0.0,0.020317594348233152,0.0,0.0,0.0,0.0,0.0,0.0,0.017868186704076784,0.07984139266135389,0.040635188696466304,0.08127037739293261,0.020317594348233152,0.020317594348233152,0.0,0.017868186704076784,0.0,0.020317594348233152,0.0,0.020317594348233152,0.0,0.0,0.0,0.0,0.0,0.07147274681630714,0.0,0.0,0.37523192078561246,0.040635188696466304,0.020317594348233152,0.020317594348233152,0.0,0.0,0.0,0.0,0.020317594348233152,0.0,0.0,0.0,0.0,0.0,0.020317594348233152,0.0,0.0,0.01596827853227078,0.0,0.0,0.0,0.017868186704076784,0.017868186704076784,0.0,0.020317594348233152,0.0,0.0,0.01596827853227078,0.0,0.017868186704076784,0.0,0.03573637340815357,0.040635188696466304,0.0,0.04324782157679076,0.020317594348233152,0.0,0.0,0.01596827853227078,0.0,0.020317594348233152,0.020317594348233152,0.07147274681630714,0.08127037739293261,0.017868186704076784,0.0,0.03193655706454156,0.0,0.020317594348233152,0.0,0.020317594348233152,0.0,0.0,0.020317594348233152,0.020317594348233152,0.020317594348233152,0.020317594348233152,0.0,0.01441594052559692,0.0,0.0,0.0,0.0,0.0,0.0,0.020317594348233152,0.0,0.017868186704076784,0.0,0.06387311412908311,0.060952783044699456,0.03573637340815357,0.0,0.0,0.0,0.0,0.04324782157679076,0.0,0.08127037739293261,0.04790483559681233,0.01596827853227078,0.0,0.01596827853227078,0.0,0.0,0.0,0.03573637340815357,0.0,0.060952783044699456,0.08127037739293261,0.0,0.0,0.0,0.020317594348233152,0.0,0.017868186704076784,0.0,0.060952783044699456,0.0,0.0,0.017868186704076784,0.020317594348233152,0.01596827853227078,0.0,0.020317594348233152,0.0,0.03573637340815357,0.0,0.0,0.020317594348233152,0.053604560112230346,0.017868186704076784,0.0,0.08934093352038393,0.020317594348233152,0.040635188696466304,0.03573637340815357,0.040635188696466304,0.020317594348233152,0.0,0.0,0.0,0.0,0.0,0.10158797174116577,0.020317594348233152,0.0,0.0,0.0,0.0,0.0,0.03573637340815357,0.0,0.0,0.0,0.020317594348233152,0.060952783044699456,0.0,0.017868186704076784,0.017868186704076784,0.053604560112230346,0.040635188696466304,0.0,0.020317594348233152,0.0,0.0,0.0,0.0,0.0,0.0,0.07147274681630714,0.0,0.017868186704076784,0.040635188696466304,0.020317594348233152,0.01441594052559692,0.0,0.02883188105119384,0.0,0.0,0.0,0.0,0.060952783044699456,0.0,0.020317594348233152,0.0,0.0,0.040635188696466304,0.020317594348233152,0.017868186704076784,0.017868186704076784,0.017868186704076784,0.020317594348233152,0.11177794972589544,0.0,0.0,0.0,0.040635188696466304,0.053604560112230346,0.01596827853227078,0.01596827853227078,0.0,0.0,0.0,0.053604560112230346,0.020317594348233152,0.0,0.0,0.06387311412908311,0.0,0.01596827853227078,0.01596827853227078,0.060952783044699456,0.0,0.0,0.017868186704076784,0.0,0.0,0.0,0.040635188696466304,0.017868186704076784,0.0,0.0,0.04324782157679076,0.017868186704076784,0.0,0.03573637340815357,0.017868186704076784,0.0,0.0,0.020317594348233152,0.020317594348233152,0.0,0.0,0.0,0.020317594348233152,0.0,0.0,0.0,0.020317594348233152,0.0,0.0,0.053604560112230346,0.05766376210238768,0.0,0.020317594348233152,0.03573637340815357,0.0,0.0,0.0,0.020317594348233152,0.0,0.017868186704076784,0.0,0.0,0.0,0.020317594348233152,0.0,0.0,0.0,0.0,0.017868186704076784,0.0,0.0,0.0,0.0,0.040635188696466304,0.0,0.020317594348233152,0.12507730692853747,0.040635188696466304,0.0,0.040635188696466304,0.18285834913409837,0.0,0.0,0.020317594348233152,0.020317594348233152,0.020317594348233152,0.053604560112230346,0.0,0.017868186704076784,0.020317594348233152,0.0,0.01596827853227078,0.0,0.04324782157679076,0.020317594348233152,0.01596827853227078,0.020317594348233152,0.0,0.020317594348233152,0.017868186704076784,0.0,0.03193655706454156,0.0,0.0,0.3573637340815357,0.07147274681630714,0.017868186704076784,0.01596827853227078,0.0,0.03193655706454156,0.12190556608939891,0.0,0.0,0.0,0.017868186704076784,0.0,0.0,0.0,0.0,0.0,0.0,0.02883188105119384,0.0,0.0,0.0,0.0,0.0,0.020317594348233152,0.017868186704076784,0.020317594348233152,0.0,0.0,0.0,0.0,0.020317594348233152,0.0,0.0,0.020317594348233152,0.0,0.020317594348233152,0.0,0.0,0.020317594348233152,0.10158797174116577,0.0,0.0,0.0,0.0,0.0,0.0,0.04790483559681233,0.0,0.0,0.0,0.0,0.0,0.0,0.060952783044699456,0.0,0.053604560112230346,0.20317594348233153,0.0,0.0,0.0,0.0,0.017868186704076784,0.020317594348233152,0.0,0.0,0.0,0.020317594348233152,0.01596827853227078,0.0,0.0,0.0,0.020317594348233152,0.01596827853227078,0.0,0.0,0.0,0.0,0.020317594348233152,0.01441594052559692,0.017868186704076784,0.0,0.0,0.040635188696466304,0.0,0.0,0.0,0.020317594348233152,0.020317594348233152,0.0,0.0,0.040635188696466304,0.040635188696466304,0.0,0.0,0.0,0.01596827853227078,0.0,0.0,0.0,0.0,0.017868186704076784,0.17868186704076786,0.0,0.03193655706454156,0.040635188696466304,0.020317594348233152,0.017868186704076784,0.0,0.04790483559681233,0.01596827853227078,0.017868186704076784,0.0,0.0,0.0,0.017868186704076784,0.0,0.03193655706454156,0.020317594348233152,0.23952417798406167,0.020317594348233152,0.0,0.020317594348233152,0.0,0.020317594348233152,0.017868186704076784,0.060952783044699456,0.017868186704076784,0.020317594348233152,0.020317594348233152,0.017868186704076784,0.0,0.0,0.0,0.020317594348233152,0.040635188696466304,0.0,0.0,0.0,0.0,0.020317594348233152,0.0,0.0,0.0,0.020317594348233152,0.020317594348233152,0.020317594348233152,0.0,0.0,0.020317594348233152,0.0,0.0,0.0,0.08127037739293261,0.020317594348233152,0.053604560112230346,0.0,0.0,0.0,0.10720912022446069,0.0,0.0,0.01441594052559692,0.020317594348233152,0.0,0.0,0.07147274681630714,0.020317594348233152,0.0,0.020317594348233152,0.01596827853227078,0.020317594348233152,0.0,0.020317594348233152,0.0,0.17868186704076786,0.0,0.14222316043763206,0.020317594348233152,0.03193655706454156,0.0,0.0,0.0,0.0,0.0,0.0,0.0,0.053604560112230346,0.01596827853227078,0.0,0.020317594348233152,0.0,0.0,0.0,0.020317594348233152,0.0,0.0,0.0,0.0,0.0,0.3047639152234973,0.0,0.0,0.040635188696466304,0.0,0.0,0.0,0.0,0.017868186704076784,0.040635188696466304,0.0,0.020317594348233152,0.0,0.01596827853227078,0.0,0.0,0.020317594348233152,0.01596827853227078,0.0,0.040635188696466304,0.01441594052559692,0.020317594348233152,0.0,0.0,0.0,0.020317594348233152,0.01596827853227078,0.040635188696466304,0.017868186704076784,0.020317594348233152,0.0,0.0,0.0,0.0,0.0,0.020317594348233152,0.017868186704076784,0.0,0.040635188696466304,0.020317594348233152,0.017868186704076784,0.0,0.020317594348233152,0.0,0.0,0.0,0.0,0.0,0.017868186704076784,0.1965500537448446,0.06387311412908311,0.0,0.0,0.0,0.0,0.017868186704076784,0.0,0.0,0.0,0.0,0.0,0.017868186704076784,0.0,0.01596827853227078,0.020317594348233152,0.0,0.0,0.0,0.11177794972589544,0.0,0.020317594348233152,0.040635188696466304,0.020317594348233152,0.05766376210238768,0.0,0.020317594348233152,0.0,0.0,0.0,0.017868186704076784
1,0.0,0.0,0.0,0.0,0.0,0.0,0.0,0.0,0.0,0.0,0.0,0.0,0.0,0.0,0.0,0.0,0.0,0.0,0.0,0.0,0.0,0.0,0.0,0.0,0.0,0.0,0.0,0.0,0.0,0.0,0.0,0.0,0.0,0.0,0.0,0.0,0.0,0.0,0.0,0.0,0.0,0.0,0.0,0.0,0.0,0.0,0.0,0.0,0.0,0.0,0.0,0.0,0.0,0.0,0.0,0.0,0.0,0.0,0.0,0.0,0.0,0.0,0.0,0.06070270503092504,0,0.0,0.0,0.0,0.0,0.0,0.0,0.0,0.0,0.0,0.0,0.0,0.0,0.0,0.0,0.0,0.0,0.08555341460162678,0.0,0.0,0.0,0.07523943824609791,0.0,0.0,0.0,0.0,0.0,0.0,0.0,0.0,0.08555341460162678,0.0,0.0,0.0,0.0,0.0,0.0,0.0,0.0,0.0,0.0,0.0,0.0,0.0,0.0,0.0,0.0,0.0,0.0,0.07523943824609791,0.08555341460162678,0.0,0.0,0.0,0.0,0.0,0.15047887649219582,0.0,0.0,0.0,0.0,0.0,0.0,0.15047887649219582,0.0,0.07523943824609791,0.08555341460162678,0.0,0.06070270503092504,0.0,0.0,0.0,0.0,0.15047887649219582,0.0,0.0,0.15047887649219582,0.08555341460162678,0.22571831473829373,0.0,0.0,0.0,0.08555341460162678,0.0,0.0,0.0,0.0,0.0,0.08555341460162678,0.08555341460162678,0.08555341460162678,0.0,0.0,0.0,0.06723929665740275,0.0,0.0,0.0,0.0,0.0,0.0,0.0,0.0,0.1344785933148055,0.0,0.0,0.0,0.0,0.08555341460162678,0.07523943824609791,0.0,0.0,0.0,0.0,0.06723929665740275,0.0,0.0,0.0,0.0,0.0,0.0,0.0,0.0,0.0,0.0,0.0,0.0,0.0,0.0,0.0,0.0,0.0,0.08555341460162678,0.08555341460162678,0.0,0.08555341460162678,0.0,0.0,0.0,0.0,0.0,0.0,0.0,0.0,0.0,0.0,0.0,0.0,0.08555341460162678,0.0,0.0,0.0,0.08555341460162678,0.07523943824609791,0.0,0.0,0.0,0.0,0.0,0.0,0.0,0.0,0.0,0.0,0.0,0.0,0.06070270503092504,0.0,0.0,0.0,0.08555341460162678,0.0,0.0,0.0,0.0,0.0,0.0,0.0,0.0,0.0,0.0,0.0,0.0,0.0,0.0,0.0,0.0,0.0,0.0,0.0,0.0,0.0,0.0,0.0,0.0,0.0,0.0,0.0,0.0,0.07523943824609791,0.0,0.08555341460162678,0.0,0.0,0.0,0.0,0.0,0.06723929665740275,0.0,0.08555341460162678,0.0,0.0,0.0,0.0,0.0,0.0,0.0,0.0,0.07523943824609791,0.0,0.0,0.17110682920325357,0.0,0.0,0.4706750766018192,0.1344785933148055,0.0,0.0,0.0,0.0,0.0,0.0,0.0,0.0,0.0,0.0,0.08555341460162678,0.0,0.0,0.08555341460162678,0.0,0.0,0.0,0.0,0.0,0.0,0.0,0.0,0.0,0.0,0.0,0.0,0.0,0.0,0.07523943824609791,0.0,0.0,0.0,0.0,0.0,0.0,0.0,0.0,0.0,0.0,0.0,0.0,0.0,0.0,0.0,0.0,0.0,0.0,0.0,0.07523943824609791,0.0,0.0,0.0,0.0,0.0,0.0,0.0,0.0,0.0,0.0,0.0,0.0,0.0,0.0,0.0,0.0,0.0,0.0,0.0,0.0,0.0,0.0,0.0,0.0,0.0,0.0,0.0,0.0,0.0,0.0,0.0,0.0,0.0,0.0,0.0,0.0,0.0,0.0,0.0,0.06723929665740275,0.08555341460162678,0.0,0.0,0.0,0.0,0.0,0.0,0.0,0.0,0.0,0.0,0.0,0.0,0.0,0.0,0.0,0.0,0.0,0.0,0.0,0.0,0.0,0.0,0.0,0.0,0.0,0.0,0.0,0.0,0.0,0.0,0.0,0.08555341460162678,0.07523943824609791,0.0,0.0,0.0,0.0,0.0,0.0,0.0,0.08555341460162678,0.0,0.0,0.0,0.0,0.0,0.0,0.0,0.0,0.0,0.15047887649219582,0.0,0.0,0.0,0.0,0.0,0.0,0.0,0.15047887649219582,0.0,0.0,0.0,0.0,0.0,0.0,0.0,0.08555341460162678,0.06723929665740275,0.0,0.0,0.0,0.08555341460162678,0.0,0.0,0.3761971912304896,0.0,0.0,0.0,0.0,0.0,0.0,0.0,0.0,0.0,0.0,0.0,0.0,0.0,0.0,0.08555341460162678,0.0,0.0,0.0,0.0,0.0,0.0,0.07523943824609791,0.0,0.0,0.0,0.0,0.0,0.0,0.0,0.0,0.0,0.06723929665740275,0.0,0.0,0.0,0.08555341460162678,0.0,0.0,0.0,0.0,0.0,0.0,0.07523943824609791,0.0,0.0,0.0,0.0,0.0,0.0,0.0,0.0,0.0,0.0,0.0,0.0,0.0,0.0,0.0,0.0,0.0,0.0,0.0,0.0,0.0,0.0,0.0,0.0,0.0,0.0,0.0,0.0,0.0,0.08555341460162678,0.0,0.0,0.0,0.08555341460162678,0.0,0.0,0.0,0.0,0.0,0.0,0.0,0.0,0.0,0.0,0.0,0.0,0.0,0.0,0.07523943824609791,0.0,0.0,0.0,0.0,0.0,0.0,0.0,0.0,0.0,0.0,0.0,0.0,0.0,0.0,0.0,0.06723929665740275,0.0,0.0,0.0,0.08555341460162678,0.0,0.0,0.0,0.0,0.0,0.0,0.0,0.0,0.0,0.0,0.0,0.06723929665740275,0.0,0.0,0.0,0.0,0.0,0.0,0.0,0.0,0.0,0.0,0.0,0.0,0.0,0.0,0.0,0.0,0.0,0.0,0.0,0.0,0.0,0.0,0.08555341460162678,0.0,0.0,0.0,0.0,0.0,0.0,0.0,0.0,0.0,0.0,0.0,0.0,0.07523943824609791,0.08555341460162678,0.0,0.0,0.0,0.07523943824609791,0.0,0.0,0.0,0.0,0.0,0.0,0.0,0.0,0.0,0.0,0.0,0.0,0.08555341460162678,0.08555341460162678,0.0,0.0,0.0,0.0,0.0,0.0,0.0,0.0,0.0,0.0,0.0,0.0,0.0,0.06070270503092504,0.0,0.0,0.0,0.0,0.0,0.0
2,0.0,0.0,0.0,0.0,0.0,0.0,0.0,0.0,0.0,0.0,0.0,0.0,0.0,0.0,0.0,0.0,0.0,0.0,0.0,0.0,0.0,0.0,0.0,0.0,0.0,0.0,0.0,0.3805478587196413,0.0,0.0,0.0,0.0,0.0,0.0,0.0,0.0,0.0,0.0,0.0,0.0,0.0,0.0,0.0,0.0,0.0,0.0,0.0,0.0,0.0,0.0,0.0,0.0,0.0,0.0,0.0,0.0,0.0,0.0,0.0,0.0,0.0,0.0,0.0,0.026244679911699396,0,0.0,0.0,0.0,0.0,0.0,0.0,0.0,0.35782564710235354,0.09247207272018287,0.0,0.0,0.0,0.0,0.0,0.014535380403248255,0.0,0.0,0.0,0.03698882908807315,0.08132401070508036,0.0,0.03698882908807315,0.0,0.018494414544036573,0.0,0.0,0.11385361498711248,0.03698882908807315,0.0,0.0,0.0,0.01626480214101607,0.0739776581761463,0.0,0.0,0.0,0.0,0.0,0.03698882908807315,0.0,0.0,0.0,0.0,0.014535380403248255,0.018494414544036573,0.0,0.0,0.0,0.0,0.0,0.04360614120974476,0.0,0.0,0.048794406423048206,0.0,0.0,0.0,0.0,0.018494414544036573,0.0,0.0,0.0739776581761463,0.0,0.018494414544036573,0.03252960428203214,0.0,0.0,0.0,0.0,0.0,0.018494414544036573,0.014535380403248255,0.0,0.0,0.0,0.0,0.0,0.0,0.18494414544036575,0.0,0.05548324363210972,0.0,0.0,0.0,0.0,0.0,0.0,0.0,0.0,0.0,0.0,0.0,0.06505920856406427,0.014535380403248255,0.0,0.02907076080649651,0.0,0.0,0.0,0.0,0.0,0.0,0.0,0.0,0.0,0.0,0.0,0.03698882908807315,0.0,0.0,0.0,0.0,0.02907076080649651,0.0,0.0,0.0,0.0,0.03698882908807315,0.03252960428203214,0.0,0.018494414544036573,0.0,0.0,0.0,0.05548324363210972,0.0,0.0,0.018494414544036573,0.0,0.014535380403248255,0.018494414544036573,0.0,0.0,0.0,0.0,0.14535380403248255,0.05548324363210972,0.0,0.0,0.0,0.11385361498711248,0.03698882908807315,0.0,0.03252960428203214,0.03252960428203214,0.03698882908807315,0.0,0.0,0.0,0.01626480214101607,0.0,0.0,0.0,0.0,0.0,0.09247207272018287,0.0,0.0,0.0,0.0,0.03698882908807315,0.11096648726421944,0.0,0.0,0.0,0.0393670198675491,0.018494414544036573,0.03698882908807315,0.018494414544036573,0.0,0.03698882908807315,0.0,0.0,0.06505920856406427,0.018494414544036573,0.01626480214101607,0.0,0.0,0.03698882908807315,0.0,0.0,0.0,0.0,0.03252960428203214,0.03698882908807315,0.0,0.0,0.0,0.026244679911699396,0.0,0.026244679911699396,0.0,0.0,0.27650163639727315,0.03698882908807315,0.0,0.0,0.0,0.01626480214101607,0.018494414544036573,0.0,0.0,0.0,0.0,0.01626480214101607,0.0,0.0,0.0739776581761463,0.0,0.048794406423048206,0.0,0.0,0.0,0.0,0.05548324363210972,0.0,0.05548324363210972,0.0,0.0,0.0,0.0,0.0,0.0,0.0,0.0,0.0,0.0,0.018494414544036573,0.0,0.018494414544036573,0.0,0.03252960428203214,0.0,0.01626480214101607,0.0,0.0,0.026244679911699396,0.0,0.03698882908807315,0.03252960428203214,0.0,0.0,0.03698882908807315,0.0,0.018494414544036573,0.0,0.0,0.03252960428203214,0.0,0.0,0.0,0.0,0.03698882908807315,0.0,0.018494414544036573,0.03252960428203214,0.0393670198675491,0.018494414544036573,0.0,0.0,0.16644973089632917,0.09247207272018287,0.06505920856406427,0.0,0.0,0.0,0.03252960428203214,0.01626480214101607,0.02907076080649651,0.0,0.14638321926914463,0.09247207272018287,0.018494414544036573,0.0,0.0,0.0,0.14638321926914463,0.0,0.0,0.0,0.03698882908807315,0.0,0.06505920856406427,0.0,0.0,0.018494414544036573,0.0,0.0,0.0,0.0,0.0,0.0,0.0,0.0,0.01626480214101607,0.0,0.0,0.07267690201624127,0.01626480214101607,0.013122339955849698,0.0,0.0,0.0,0.05548324363210972,0.05548324363210972,0.0,0.018494414544036573,0.0,0.0,0.018494414544036573,0.0,0.01626480214101607,0.03252960428203214,0.0,0.0,0.0,0.0,0.0,0.018494414544036573,0.0,0.0,0.0,0.0,0.0,0.018494414544036573,0.02907076080649651,0.01626480214101607,0.026244679911699396,0.0,0.03252960428203214,0.0,0.0,0.01626480214101607,0.0,0.0,0.0,0.048794406423048206,0.0,0.01626480214101607,0.0,0.0,0.0,0.0,0.0,0.018494414544036573,0.0,0.0,0.09758881284609641,0.0,0.0739776581761463,0.0739776581761463,0.0,0.02907076080649651,0.0,0.0,0.0,0.0,0.03252960428203214,0.018494414544036573,0.0,0.0,0.0,0.03252960428203214,0.0,0.0,0.0,0.018494414544036573,0.0,0.0,0.0787340397350982,0.0,0.01626480214101607,0.0,0.0,0.0,0.013122339955849698,0.0,0.02907076080649651,0.0,0.0,0.03698882908807315,0.0,0.04360614120974476,0.0,0.0,0.0,0.0,0.0,0.0,0.0,0.0,0.0,0.0,0.03698882908807315,0.0739776581761463,0.09758881284609641,0.03698882908807315,0.0,0.0739776581761463,0.05548324363210972,0.0,0.0,0.03698882908807315,0.018494414544036573,0.0,0.02907076080649651,0.0,0.01626480214101607,0.0,0.0,0.0,0.0,0.0,0.0,0.0,0.0,0.0,0.0,0.014535380403248255,0.02907076080649651,0.06505920856406427,0.0,0.16644973089632917,0.05548324363210972,0.0,0.0,0.04360614120974476,0.018494414544036573,0.0,0.0,0.01626480214101607,0.0,0.01626480214101607,0.0,0.0,0.0,0.0,0.0,0.03698882908807315,0.0,0.0,0.0,0.03698882908807315,0.018494414544036573,0.0739776581761463,0.0,0.01626480214101607,0.0,0.018494414544036573,0.018494414544036573,0.01626480214101607,0.0,0.05548324363210972,0.0,0.0,0.0,0.014535380403248255,0.01626480214101607,0.0,0.05548324363210972,0.0,0.0,0.0,0.0,0.03252960428203214,0.0,0.0,0.0,0.0,0.0,0.018494414544036573,0.0656116997792485,0.0,0.018494414544036573,0.0,0.0,0.0,0.0,0.0,0.0,0.0,0.0,0.0,0.0,0.0,0.0,0.0,0.0,0.014535380403248255,0.0,0.0,0.014535380403248255,0.01626480214101607,0.01626480214101607,0.0,0.0,0.0,0.014535380403248255,0.03698882908807315,0.0,0.0,0.0,0.0,0.03698882908807315,0.0,0.20349532564547557,0.0,0.0,0.0,0.0,0.0,0.0,0.0,0.33431374927470986,0.018494414544036573,0.018494414544036573,0.03252960428203214,0.0,0.0,0.0,0.0,0.014535380403248255,0.0,0.0,0.03698882908807315,0.09247207272018287,0.08721228241948951,0.03698882908807315,0.0,0.026244679911699396,0.0,0.014535380403248255,0.0,0.018494414544036573,0.0,0.0,0.0,0.0,0.0,0.018494414544036573,0.0,0.0,0.0,0.0,0.03698882908807315,0.0,0.0,0.0,0.018494414544036573,0.0,0.018494414544036573,0.0,0.0,0.0,0.01626480214101607,0.01626480214101607,0.03698882908807315,0.0,0.0,0.0,0.01626480214101607,0.05548324363210972,0.01626480214101607,0.0,0.0,0.01626480214101607,0.0,0.0,0.0,0.0,0.0,0.0,0.0,0.0,0.0,0.0,0.03252960428203214,0.02907076080649651,0.0,0.0,0.0,0.0,0.0,0.04360614120974476,0.0,0.0,0.0,0.0,0.0
3,0.0,0.0,0.0,0.0,0.0,0.0,0.0,0.0,0.0,0.0,0.0,0.0,0.0,0.0,0.0,0.0,0.0,0.0,0.0,0.0,0.0,0.04513640726941623,0.0,0.0,0.0,0.0,0.0,0.254910384281241,0.0,0.0,0.0,0.0,0.0,0.0,0.0,0.0,0.0,0.0,0.0,0.0,0.0,0.0,0.0,0.0,0.0,0.0,0.0,0.0,0.0,0.04033709380592068,0.0,0.0,0.0,0.0,0.0,0.0,0.0,0.0,0.0,0.0,0.0,0.0,0.0,0.0,0,0.0,0.0,0.0,0.0,0.0,0.0,0.0,0.0,0.0,0.0,0.0,0.04033709380592068,0.0,0.04513640726941623,0.0,0.051323798459493655,0.0,0.0,0.0,0.1354092218082487,0.0,0.0,0.0,0.0,0.0,0.0,0.22568203634708117,0.0,0.051323798459493655,0.0,0.0,0.0,0.0,0.0,0.051323798459493655,0.0,0.0,0.04513640726941623,0.0,0.0,0.0,0.0,0.0,0.0,0.0,0.0,0.0,0.0,0.0,0.0,0.08067418761184136,0.0,0.051323798459493655,0.0,0.0,0.0,0.0,0.0,0.0,0.0,0.0,0.051323798459493655,0.0,0.0,0.0,0.0,0.051323798459493655,0.0,0.0,0.20529519383797462,0.0,0.0,0.0,0.0,0.15397139537848098,0.04513640726941623,0.0,0.0,0.0,0.0,0.15397139537848098,0.0,0.051323798459493655,0.0,0.0,0.0,0.0,0.0,0.0,0.0,0.0,0.07283153836606886,0.0,0.0,0.051323798459493655,0.0,0.0,0.0,0.0,0.051323798459493655,0.0,0.051323798459493655,0.0,0.0,0.04513640726941623,0.051323798459493655,0.051323798459493655,0.0,0.0,0.03641576918303443,0.04513640726941623,0.0,0.0,0.0,0.0,0.0,0.0,0.0,0.0,0.04513640726941623,0.0,0.0,0.0,0.0,0.0,0.0,0.0,0.0,0.0,0.08067418761184136,0.0,0.0,0.0,0.04513640726941623,0.0,0.04033709380592068,0.051323798459493655,0.0,0.051323798459493655,0.0,0.0,0.0,0.0,0.0,0.04513640726941623,0.051323798459493655,0.0,0.0,0.051323798459493655,0.0,0.0,0.0,0.0,0.051323798459493655,0.0,0.0,0.0,0.0,0.0,0.0,0.0,0.0,0.0,0.0,0.0,0.07283153836606886,0.10264759691898731,0.0,0.0,0.0,0.0,0.04513640726941623,0.0,0.0,0.0,0.0,0.0,0.0,0.051323798459493655,0.051323798459493655,0.051323798459493655,0.051323798459493655,0.0,0.0,0.0,0.0,0.0,0.0,0.10924730754910329,0.0,0.07283153836606886,0.051323798459493655,0.051323798459493655,0.04513640726941623,0.0,0.0,0.0,0.0,0.0,0.0,0.0,0.0,0.0,0.0,0.0,0.0,0.0,0.0,0.0,0.04513640726941623,0.0,0.0,0.04033709380592068,0.0,0.0,0.04513640726941623,0.0,0.0,0.051323798459493655,0.0,0.0,0.0,0.0,0.0,0.0,0.0,0.0,0.0,0.0,0.0,0.0,0.04513640726941623,0.0,0.0,0.0,0.0,0.03641576918303443,0.0,0.0,0.0,0.04513640726941623,0.0,0.0,0.051323798459493655,0.0,0.04513640726941623,0.051323798459493655,0.04513640726941623,0.0,0.0,0.051323798459493655,0.051323798459493655,0.0,0.04513640726941623,0.0,0.0,0.0,0.10264759691898731,0.0,0.04513640726941623,0.0,0.0,0.0,0.0,0.0,0.0,0.04513640726941623,0.0,0.12101128141776203,0.0,0.49650047996357854,0.15397139537848098,0.051323798459493655,0.0,0.0,0.051323798459493655,0.0,0.0,0.0,0.051323798459493655,0.0,0.0,0.0,0.051323798459493655,0.04513640726941623,0.0,0.0,0.0,0.0,0.0,0.0,0.0,0.0,0.0,0.0,0.0,0.0,0.0,0.0,0.0,0.0,0.0,0.0,0.0,0.0,0.1354092218082487,0.0,0.04033709380592068,0.0,0.0,0.0,0.0,0.0,0.0,0.0,0.04033709380592068,0.0,0.0,0.0,0.0,0.0,0.051323798459493655,0.0,0.051323798459493655,0.051323798459493655,0.0,0.0,0.03641576918303443,0.0,0.09027281453883246,0.051323798459493655,0.051323798459493655,0.04513640726941623,0.051323798459493655,0.0,0.0,0.1354092218082487,0.0,0.09027281453883246,0.051323798459493655,0.0,0.0,0.0,0.051323798459493655,0.0,0.0,0.0,0.0,0.0,0.0,0.0,0.04513640726941623,0.0,0.0,0.051323798459493655,0.0,0.04033709380592068,0.0,0.0,0.0,0.0,0.051323798459493655,0.0,0.0,0.0,0.0,0.0,0.0,0.051323798459493655,0.03641576918303443,0.0,0.0,0.0,0.0,0.0,0.03641576918303443,0.0,0.04033709380592068,0.0,0.0,0.051323798459493655,0.0,0.0,0.051323798459493655,0.051323798459493655,0.0,0.0,0.051323798459493655,0.10924730754910329,0.0,0.0,0.0,0.051323798459493655,0.0,0.0,0.04513640726941623,0.0,0.0,0.0,0.0,0.051323798459493655,0.0,0.0,0.0,0.0,0.0,0.0,0.0,0.0,0.0,0.0,0.0,0.051323798459493655,0.0,0.0,0.0,0.0,0.0,0.0,0.0,0.0,0.0,0.051323798459493655,0.051323798459493655,0.0,0.0,0.0,0.0,0.04033709380592068,0.0,0.0,0.0,0.0,0.0,0.0,0.051323798459493655,0.04513640726941623,0.0,0.0,0.0,0.0,0.0,0.0,0.0,0.0,0.0,0.0,0.0,0.051323798459493655,0.0,0.0,0.0,0.10264759691898731,0.0,0.0,0.0,0.0,0.0,0.0,0.0,0.0,0.0,0.0,0.0,0.04513640726941623,0.051323798459493655,0.0,0.0,0.0,0.0,0.0,0.03641576918303443,0.0,0.0,0.0,0.0,0.0,0.051323798459493655,0.0,0.0,0.0,0.0,0.0,0.0,0.04513640726941623,0.0,0.0,0.051323798459493655,0.0,0.0,0.0,0.04033709380592068,0.0,0.0,0.04513640726941623,0.051323798459493655,0.0,0.0,0.0,0.0,0.0,0.0,0.0,0.0,0.15397139537848098,0.04033709380592068,0.0,0.0,0.0,0.0,0.0,0.04513640726941623,0.0,0.08067418761184136,0.051323798459493655,0.051323798459493655,0.04513640726941623,0.0,0.10264759691898731,0.0,0.0,0.0,0.0,0.0,0.0,0.0,0.0,0.0,0.0,0.0,0.0,0.0,0.0,0.0,0.0,0.0,0.0,0.04513640726941623,0.0,0.0,0.04033709380592068,0.051323798459493655,0.051323798459493655,0.051323798459493655,0.0,0.0,0.0,0.0,0.0,0.0,0.0,0.051323798459493655,0.10264759691898731,0.0,0.04513640726941623,0.0,0.0,0.04513640726941623,0.0,0.0,0.0,0.0,0.09027281453883246,0.0,0.0,0.0,0.04033709380592068,0.0,0.0,0.0,0.04513640726941623,0.051323798459493655,0.0,0.0,0.0,0.0,0.0,0.04033709380592068,0.0,0.0,0.0,0.0,0.03641576918303443,0.08067418761184136,0.0,0.04513640726941623,0.051323798459493655,0.051323798459493655,0.09027281453883246
4,0.0,0.0,0.0,0.0,0.0,0.0,0.0,0.0,0.0,0.0,0.0,0.0,0.0,0.0,0.0,0.0,0.0,0.0,0.0,0.0,0.0,0.0,0.0,0.0,0.0,0.0,0.0,0.0,0.0,0.0,0.0,0.0,0.0,0.0,0.0,0.0,0.0,0.0,0.0,0.0,0.0,0.0,0.0,0.0,0.0,0.0,0.0,0.0,0.0,0.025276589571313398,0.0,0.0,0.0,0.0,0.0,0.0,0.0,0.0,0.0,0.0,0.0,0.0,0.0,0.0,0,0.7330210975680885,0.22627201587938295,0.192967385574666,0.032161230929111,0.032161230929111,0.0,0.0,0.05656800396984574,0.032161230929111,0.0,0.0,0.0,0.0,0.0,0.025276589571313398,0.0,0.0,0.0,0.0,0.0848520059547686,0.0,0.0,0.0,0.0,0.0,0.0,0.0848520059547686,0.0,0.0,0.0,0.0,0.0,0.032161230929111,0.0,0.0,0.0,0.0,0.0,0.0,0.032161230929111,0.0,0.0,0.0,0.0,0.032161230929111,0.0,0.032161230929111,0.0,0.0,0.0,0.0,0.05656800396984574,0.0,0.05656800396984574,0.02828400198492287,0.0,0.0,0.0,0.0,0.0,0.0,0.0,0.0,0.0,0.0,0.0,0.0,0.045638709421755005,0.0,0.0,0.032161230929111,0.0,0.0,0.0,0.0,0.0,0.0,0.0,0.032161230929111,0.025276589571313398,0.0,0.0,0.0,0.0,0.0,0.0,0.0,0.0,0.0,0.0,0.0,0.022819354710877503,0.05656800396984574,0.0,0.032161230929111,0.0,0.0,0.0,0.0,0.0,0.22627201587938295,0.0,0.0,0.0,0.0,0.0,0.0,0.0,0.0,0.022819354710877503,0.0,0.0,0.025276589571313398,0.0,0.064322461858222,0.0,0.0,0.0,0.0,0.0,0.128644923716444,0.0,0.0,0.025276589571313398,0.0,0.0,0.0,0.0,0.0,0.0,0.0,0.0,0.0,0.0,0.0,0.0,0.0,0.0,0.0,0.05656800396984574,0.02828400198492287,0.0,0.0,0.0,0.0,0.0,0.0,0.0,0.0,0.0,0.0,0.0,0.05656800396984574,0.0,0.0,0.0,0.032161230929111,0.0,0.0,0.0,0.0,0.032161230929111,0.0,0.0,0.0,0.06845806413263252,0.0,0.0,0.0,0.0,0.032161230929111,0.0,0.0,0.0,0.0,0.0,0.0,0.032161230929111,0.0,0.0,0.0,0.0,0.032161230929111,0.0,0.032161230929111,0.02828400198492287,0.0,0.0,0.0,0.0,0.0,0.0,0.0,0.14142000992461437,0.032161230929111,0.0,0.032161230929111,0.0,0.0,0.064322461858222,0.0,0.0,0.0,0.02828400198492287,0.0,0.0,0.0,0.0,0.0,0.0,0.0,0.0,0.0,0.0,0.032161230929111,0.0,0.032161230929111,0.0,0.0,0.0,0.0,0.0,0.0,0.0,0.0,0.096483692787333,0.032161230929111,0.0,0.0,0.0,0.050553179142626796,0.0,0.0,0.0,0.0,0.0,0.0,0.02828400198492287,0.0,0.0,0.0,0.0,0.0,0.0,0.0,0.0,0.0,0.05656800396984574,0.0,0.128644923716444,0.0,0.0,0.0,0.0,0.0,0.0,0.0,0.0,0.0,0.0,0.0,0.0,0.02828400198492287,0.0,0.0,0.0,0.02828400198492287,0.0,0.07582976871394019,0.0,0.0848520059547686,0.0,0.0,0.0,0.0,0.0,0.0848520059547686,0.0,0.032161230929111,0.0,0.032161230929111,0.0,0.0,0.0,0.02828400198492287,0.0,0.0,0.128644923716444,0.032161230929111,0.0,0.0,0.032161230929111,0.0,0.032161230929111,0.0,0.0,0.0,0.0,0.02828400198492287,0.022819354710877503,0.0,0.0,0.0,0.032161230929111,0.0,0.0,0.0,0.0,0.0,0.0,0.0,0.0,0.0,0.0,0.0,0.0,0.0,0.0,0.0,0.0,0.02828400198492287,0.0,0.0,0.0,0.0,0.0,0.0,0.0,0.0,0.0,0.032161230929111,0.0,0.0,0.0,0.0,0.0,0.0,0.0,0.0,0.0,0.0,0.0,0.0,0.0,0.0,0.0,0.032161230929111,0.0,0.0,0.0,0.0,0.0,0.050553179142626796,0.0,0.0,0.0,0.0,0.0,0.032161230929111,0.0,0.0,0.0,0.05656800396984574,0.0,0.0,0.0,0.0,0.032161230929111,0.032161230929111,0.0,0.0,0.0,0.0,0.0,0.02828400198492287,0.0,0.0,0.0,0.032161230929111,0.064322461858222,0.0,0.0,0.0,0.0,0.0,0.064322461858222,0.0,0.0,0.045638709421755005,0.0,0.032161230929111,0.0,0.0,0.032161230929111,0.032161230929111,0.05656800396984574,0.0,0.0,0.032161230929111,0.032161230929111,0.0,0.0,0.032161230929111,0.0,0.0,0.0,0.0,0.02828400198492287,0.0,0.0,0.0,0.0,0.0,0.025276589571313398,0.0,0.0,0.02828400198492287,0.032161230929111,0.0,0.050553179142626796,0.02828400198492287,0.025276589571313398,0.0,0.0,0.0,0.0,0.025276589571313398,0.0,0.0,0.0,0.02828400198492287,0.032161230929111,0.0,0.0,0.0,0.0,0.02828400198492287,0.0,0.0,0.0,0.0,0.0,0.0,0.0,0.0,0.0,0.0848520059547686,0.032161230929111,0.0,0.0,0.02828400198492287,0.0,0.0,0.0,0.0,0.0,0.025276589571313398,0.02828400198492287,0.0,0.0,0.0,0.0,0.0,0.0,0.0,0.0,0.0,0.128644923716444,0.05656800396984574,0.064322461858222,0.0,0.0,0.0,0.0,0.0,0.0,0.0,0.0,0.0,0.0,0.0,0.0,0.0,0.032161230929111,0.0,0.0,0.0,0.0,0.0,0.0,0.0,0.0,0.0,0.0,0.0,0.0,0.0,0.0,0.0,0.0,0.0,0.0,0.0,0.0,0.0,0.050553179142626796,0.032161230929111,0.0,0.02828400198492287,0.0,0.0,0.0,0.0,0.050553179142626796,0.0,0.0,0.0,0.0,0.0,0.032161230929111,0.032161230929111,0.0,0.0,0.0,0.0,0.0,0.050553179142626796,0.032161230929111,0.0,0.0,0.0,0.126382947856567,0.0,0.128644923716444,0.0,0.0,0.0,0.0,0.0,0.0,0.0,0.0,0.0,0.0,0.0,0.0,0.0,0.0,0.0,0.0,0.0,0.0,0.0,0.0,0.0,0.0,0.032161230929111,0.0,0.0,0.0,0.02828400198492287,0.0,0.02828400198492287,0.032161230929111,0.0,0.02828400198492287,0.0,0.0,0.0,0.0,0.0,0.0,0.0,0.0,0.0,0.0,0.02828400198492287,0.0,0.0,0.0,0.0,0.0,0.0,0.0,0.0,0.0,0.0,0.0,0.0
5,0.0,0.0,0.0,0.0,0.0,0.0,0.0,0.0,0.0,0.0,0.0,0.0,0.0,0.0,0.0,0.0,0.0,0.0,0.0,0.0,0.0,0.0,0.0,0.0,0.0,0.0,0.0,0.0,0.0,0.0,0.0,0.0,0.0,0.0,0.0,0.0,0.0,0.0,0.0,0.0,0.0,0.0,0.0,0.0,0.0,0.0,0.0,0.0,0.0,0.011501525589948571,0.0,0.0,0.0,0.0,0.0,0.0,0.0,0.0,0.0,0.0,0.0,0.0,0.0,0.031150253646299187,0,0.7245961121667599,0.11582980944804684,0.01463422189499891,0.01463422189499891,0.01463422189499891,0.01463422189499891,0.0,0.01286997882756076,0.0,0.01463422189499891,0.0,0.03450457676984571,0.02926844378999782,0.02573995765512152,0.011501525589948571,0.0,0.0,0.0,0.0,0.0,0.0,0.0,0.0,0.1756106627399869,0.0,0.043902665684996726,0.0,0.0,0.0,0.01463422189499891,0.01286997882756076,0.01286997882756076,0.0,0.0,0.0,0.0,0.0,0.02573995765512152,0.0,0.0,0.0,0.0,0.0,0.011501525589948571,0.0,0.02926844378999782,0.07317110947499454,0.0,0.01286997882756076,0.01463422189499891,0.05750762794974285,0.0,0.01463422189499891,0.02573995765512152,0.0,0.03860993648268228,0.043902665684996726,0.0,0.0,0.02926844378999782,0.0,0.0,0.0,0.0,0.0,0.0,0.01463422189499891,0.0,0.0,0.0,0.0,0.0,0.03860993648268228,0.0,0.0,0.0,0.0,0.0,0.0,0.0,0.0,0.0,0.0,0.01463422189499891,0.01463422189499891,0.01463422189499891,0.0,0.0,0.0,0.0,0.02926844378999782,0.0,0.0,0.011501525589948571,0.0,0.023003051179897142,0.01463422189499891,0.01463422189499891,0.0,0.0,0.0,0.0,0.0,0.0,0.0,0.0,0.0,0.0,0.0,0.0,0.0,0.0,0.0,0.023003051179897142,0.02926844378999782,0.011501525589948571,0.0,0.0,0.02573995765512152,0.0,0.0,0.0,0.0,0.011501525589948571,0.0,0.01463422189499891,0.0,0.01463422189499891,0.0,0.1150152558994857,0.0,0.0,0.0,0.0,0.0,0.0,0.0,0.0,0.0,0.0,0.02573995765512152,0.3365871035849749,0.0,0.01286997882756076,0.0,0.0,0.02573995765512152,0.0,0.0,0.0,0.0,0.0,0.02573995765512152,0.02926844378999782,0.01463422189499891,0.0,0.0,0.0,0.0,0.0,0.0,0.0,0.043902665684996726,0.07317110947499454,0.0,0.010383417882099729,0.0,0.01463422189499891,0.0,0.0,0.0,0.01286997882756076,0.0,0.0,0.0,0.01286997882756076,0.0,0.01463422189499891,0.0,0.0,0.0,0.0,0.02926844378999782,0.0,0.0,0.0,0.01463422189499891,0.01463422189499891,0.020766835764199458,0.0,0.0,0.0,0.0,0.0,0.0,0.0,0.0,0.0,0.0,0.0,0.0,0.0,0.01286997882756076,0.0,0.03860993648268228,0.0,0.0,0.0,0.20487910652998473,0.0,0.0,0.01286997882756076,0.0,0.0,0.0,0.0,0.0,0.01286997882756076,0.0,0.0,0.01463422189499891,0.0,0.0,0.0,0.0,0.0,0.01463422189499891,0.0,0.0,0.01463422189499891,0.03450457676984571,0.01286997882756076,0.0,0.03860993648268228,0.0,0.0,0.0,0.01286997882756076,0.0,0.01286997882756076,0.0,0.0,0.043902665684996726,0.0,0.0,0.01286997882756076,0.0,0.0,0.0,0.0,0.0,0.0,0.0,0.02573995765512152,0.0,0.0,0.010383417882099729,0.0,0.0,0.0,0.0,0.0,0.11582980944804684,0.01463422189499891,0.01463422189499891,0.0,0.0,0.01286997882756076,0.0,0.0,0.0,0.0,0.0,0.0,0.01286997882756076,0.02926844378999782,0.02573995765512152,0.0,0.0,0.0,0.0,0.0,0.10295983062048608,0.0,0.0,0.0,0.02926844378999782,0.0,0.0,0.0,0.043902665684996726,0.0,0.0,0.0,0.01286997882756076,0.0,0.01286997882756076,0.011501525589948571,0.01286997882756076,0.031150253646299187,0.0,0.011501525589948571,0.0,0.0,0.0,0.0,0.01463422189499891,0.023003051179897142,0.0,0.0,0.0,0.0,0.0,0.03450457676984571,0.0,0.011501525589948571,0.0,0.0,0.0,0.01286997882756076,0.0,0.0,0.0,0.01463422189499891,0.0,0.03450457676984571,0.01286997882756076,0.0,0.0,0.02573995765512152,0.0,0.0,0.0,0.0,0.01286997882756076,0.0,0.0643498941378038,0.043902665684996726,0.01286997882756076,0.01463422189499891,0.0,0.03860993648268228,0.043902665684996726,0.0,0.0,0.0,0.0,0.0,0.0,0.0,0.0,0.01286997882756076,0.011501525589948571,0.0,0.0,0.01463422189499891,0.0,0.05147991531024304,0.0,0.0,0.01463422189499891,0.0,0.0,0.0,0.0,0.0,0.0,0.043902665684996726,0.0,0.010383417882099729,0.01463422189499891,0.0,0.0,0.0,0.0,0.25958544705249326,0.0,0.05750762794974285,0.0,0.02926844378999782,0.0,0.0,0.0,0.0,0.0,0.02926844378999782,0.01463422189499891,0.0,0.020766835764199458,0.0,0.0,0.0,0.0,0.0,0.0,0.0,0.0,0.0,0.0,0.0,0.0,0.0,0.0,0.01463422189499891,0.0,0.011501525589948571,0.01463422189499891,0.0,0.01463422189499891,0.0,0.0,0.0,0.01463422189499891,0.0,0.0,0.0,0.0,0.01463422189499891,0.0,0.05750762794974285,0.0,0.10351373030953713,0.0,0.0,0.0,0.0,0.023003051179897142,0.0,0.0,0.0,0.0,0.0,0.0,0.0,0.0,0.0,0.0,0.0,0.0,0.0,0.10243955326499236,0.0,0.0,0.0,0.0,0.07317110947499454,0.02573995765512152,0.0,0.0,0.0,0.0,0.01463422189499891,0.0,0.02926844378999782,0.01463422189499891,0.0,0.0,0.0,0.01463422189499891,0.0,0.0,0.0,0.0,0.0,0.0,0.0,0.0,0.0,0.01286997882756076,0.01463422189499891,0.01463422189499891,0.062300507292598374,0.0,0.0,0.01463422189499891,0.0,0.01463422189499891,0.0,0.0,0.011501525589948571,0.01463422189499891,0.0,0.0,0.0,0.0,0.01463422189499891,0.0,0.0,0.0,0.0,0.02926844378999782,0.011501525589948571,0.01286997882756076,0.01286997882756076,0.01286997882756076,0.01463422189499891,0.0,0.0,0.0,0.0,0.10243955326499236,0.01463422189499891,0.043902665684996726,0.0,0.0,0.0,0.0,0.011501525589948571,0.05147991531024304,0.01463422189499891,0.01463422189499891,0.02573995765512152,0.02926844378999782,0.0,0.0,0.0,0.01286997882756076,0.0,0.0,0.0,0.0,0.05750762794974285,0.10351373030953713,0.01463422189499891,0.0,0.0,0.0,0.0,0.0,0.0,0.0,0.023003051179897142,0.01463422189499891,0.0,0.0,0.011501525589948571,0.0,0.0,0.0,0.01463422189499891,0.011501525589948571,0.0,0.0,0.0,0.0,0.0,0.0643498941378038,0.01463422189499891,0.0,0.0,0.0,0.0,0.0,0.05853688757999564,0.0,0.02573995765512152,0.0,0.0,0.0,0.011501525589948571,0.01286997882756076,0.0,0.0,0.0,0.02573995765512152,0.0,0.011501525589948571,0.0,0.0,0.0,0.01286997882756076,0.0,0.023003051179897142,0.0,0.02926844378999782,0.0,0.01286997882756076,0.0,0.01463422189499891,0.0,0.0,0.0,0.0,0.0,0.01463422189499891,0.01286997882756076,0.0,0.0,0.01286997882756076
6,0.0,0.0,0.0,0.0,0.0,0.0,0.0,0.0,0.0,0.0,0.0,0.0,0.0,0.0,0.0,0.0,0.0,0.0,0.0,0.0,0.0,0.0,0.0,0.0,0.0,0.0,0.0,0.0,0.0,0.0,0.0,0.0,0.0,0.0,0.0,0.0,0.0,0.0,0.0,0.0,0.0,0.0,0.0,0.0,0.0,0.0,0.0,0.0,0.0,0.0,0.0,0.0,0.0,0.0,0.0,0.0,0.0,0.0,0.0,0.0,0.0,0.0,0.0,0.0,0,0.0,0.0,0.0,0.0,0.0,0.0,0.02518837855429129,0.0,0.0,0.0,0.0,0.0,0.0,0.0,0.0,0.0,0.0,0.0,0.0,0.0,0.0,0.0,0.0,0.0,0.0,0.0,0.0,0.0,0.0,0.0,0.0,0.0,0.0,0.0,0.0,0.0,0.0,0.0,0.0,0.0,0.0,0.0,0.0,0.07918556451860187,0.0,0.0,0.0,0.0,0.0,0.0,0.0,0.0,0.0,0.0,0.0,0.0,0.0,0.0,0.0,0.0,0.0,0.0,0.0,0.0,0.0,0.0,0.0,0.0,0.0,0.0,0.0,0.0,0.0,0.0,0.0,0.0,0.0,0.0,0.0,0.0,0.0,0.0,0.0,0.0,0.0,0.0,0.0,0.0,0.0,0.0,0.0,0.0,0.0,0.0,0.0,0.039592782259300935,0.0,0.0,0.0,0.0,0.0,0.02518837855429129,0.0,0.0,0.0,0.0,0.0,0.0,0.0,0.0,0.0,0.0,0.0,0.0,0.0,0.0,0.0,0.0,0.06645530613522352,0.0,0.0,0.0,0.0,0.0,0.0,0.0,0.0,0.0,0.0,0.0,0.0,0.0,0.0,0.0,0.0,0.0,0.0,0.0,0.0,0.0,0.0,0.0,0.02518837855429129,0.0,0.0,0.0,0.0,0.0,0.0,0.0,0.0,0.0,0.0,0.0,0.0,0.0,0.0,0.0,0.0,0.0,0.0,0.0,0.0,0.0,0.0,0.0,0.0,0.0,0.0,0.0,0.0,0.0,0.0,0.0,0.0,0.0,0.0,0.0,0.0,0.0,0.0,0.0,0.0,0.0,0.0,0.02215176871174117,0.0,0.0,0.0,0.0,0.0,0.0,0.0,0.0,0.0,0.0,0.0,0.0,0.0,0.0,0.0,0.0,0.0,0.0,0.0,0.02518837855429129,0.0,0.0,0.0,0.0,0.0,0.0,0.0,0.07918556451860187,0.0,0.02215176871174117,0.0,0.0,0.0,0.0,0.0,0.0,0.0,0.0,0.0,0.0,0.0,0.0,0.0,0.0,0.0,0.0,0.0,0.0,0.0,0.0,0.0,0.0,0.0,0.0,0.0,0.0,0.0,0.0,0.0,0.0,0.0,0.0,0.0,0.0,0.0,0.0,0.0,0.0,0.0,0.0,0.0,0.0,0.0,0.0,0.0,0.0,0.0,0.0,0.0,0.0,0.0,0.0,0.0,0.0,0.0,0.0,0.0,0.0,0.04430353742348234,0.0,0.0,0.0,0.0,0.0,0.0,0.0,0.0,0.0,0.0,0.0,0.0,0.0,0.0,0.0,0.0,0.0,0.0,0.0,0.0,0.0,0.0,0.0,0.0,0.0,0.0,0.0,0.0,0.0,0.0,0.0,0.0,0.0,0.02518837855429129,0.02518837855429129,0.04430353742348234,0.0,0.0,0.0,0.0,0.0,0.0,0.0,0.0,0.0,0.0,0.0,0.0,0.0,0.0,0.0,0.0,0.0,0.0,0.0,0.0,0.0,0.0,0.0,0.0,0.10075351421716516,0.0,0.0,0.0,0.0,0.07556513566287387,0.0,0.0,0.0,0.0,0.0,0.0,0.0,0.0,0.0,0.0,0.0,0.0,0.02518837855429129,0.0,0.0,0.0,0.0,0.0,0.02518837855429129,0.0,0.0,0.0,0.0,0.0,0.02215176871174117,0.0,0.0,0.0,0.0,0.0,0.0,0.0,0.0,0.0,0.0,0.0,0.0,0.0,0.0,0.0,0.0,0.0,0.0,0.0,0.0,0.0,0.0,0.035743815035509954,0.0,0.0,0.9571583850630689,0.0,0.0,0.0,0.0,0.0,0.0,0.0,0.0,0.0,0.0,0.0,0.0,0.05037675710858258,0.0,0.0,0.0,0.0,0.02518837855429129,0.02215176871174117,0.0,0.0,0.0,0.0,0.0,0.0,0.0,0.0,0.0,0.0,0.0,0.0,0.0,0.0,0.0,0.0,0.0,0.0,0.0,0.0,0.0,0.0,0.0,0.02215176871174117,0.0,0.0,0.0,0.0,0.0,0.02518837855429129,0.0,0.0,0.0,0.0,0.0,0.0,0.0,0.0,0.0,0.0,0.0,0.0,0.0,0.0,0.02518837855429129,0.0,0.0,0.0,0.0,0.04430353742348234,0.05037675710858258,0.0,0.0,0.0,0.0,0.0,0.0,0.0,0.0,0.0,0.0,0.02518837855429129,0.0,0.0,0.0,0.0,0.05037675710858258,0.0,0.0,0.0,0.0,0.0,0.05037675710858258,0.0,0.0,0.0,0.0,0.0,0.0,0.0,0.0,0.0,0.0,0.0,0.0,0.0,0.0,0.0,0.0,0.0,0.0,0.0,0.0,0.0,0.0,0.0,0.0,0.0,0.0,0.0,0.0,0.0,0.0,0.0,0.0,0.0,0.0,0.0,0.0,0.0,0.0,0.0,0.0,0.0,0.0,0.0,0.0,0.0,0.05361572255326494,0.0,0.0,0.0,0.0,0.0,0.0,0.0,0.0,0.0,0.0,0.0,0.0,0.0,0.0,0.0,0.0,0.0,0.0,0.0,0.0,0.0,0.0,0.0,0.0,0.0,0.0,0.0,0.0,0.0,0.13857473790755326,0.0,0.0,0.0,0.0,0.0,0.0,0.0,0.0,0.0,0.0,0.0,0.0,0.0,0.0,0.0,0.0,0.0,0.0,0.0,0.0,0.0,0.0,0.0,0.0,0.0,0.0,0.0,0.0,0.0
7,0.0,0.0,0.0,0.0,0.0,0.0,0.0,0.0,0.0,0.0,0.0,0.0,0.0,0.0,0.0,0.0,0.0,0.0,0.0,0.0,0.0,0.05408144876078794,0.0,0.0,0.0,0.0,0.0,0.0,0.0,0.0,0.0,0.0,0.0,0.0,0.0,0.0,0.0,0.0,0.0,0.0,0.0,0.0,0.0,0.0,0.0,0.0,0.0,0.0,0.0,0.0,0.0,0.0,0.0,0.0,0.0,0.0,0.0,0.0,0.0,0.0,0.0,0.0,0.0,0.0,0,0.048331017105611336,0.0,0.0,0.0,0.0,0.0,0.0,0.0,0.0,0.0,0.0,0.0,0.0,0.0,0.0,0.0,0.0,0.0,0.0,0.0,0.0,0.0,0.06149504456631538,0.0,0.0,0.0,0.0,0.0,0.0,0.0,0.0,0.0,0.0,0.0,0.0,0.06149504456631538,0.0,0.0,0.0,0.0,0.0,0.0,0.0,0.0,0.0,0.0,0.0,0.0,0.0,0.0,0.0,0.0,0.0,0.0,0.0,0.0,0.0,0.0,0.0,0.0,0.0,0.0,0.10816289752157587,0.0,0.0,0.0,0.0,0.13089771700713573,0.0,0.0,0.0,0.0,0.0,0.0,0.0,0.0,0.0,0.0,0.0,0.0,0.0,0.0,0.0,0.0,0.0,0.0,0.0,0.0,0.0,0.0,0.0,0.0,0.0,0.0,0.0,0.0,0.0,0.0,0.0,0.0,0.0,0.0,0.0,0.0,0.05408144876078794,0.06149504456631538,0.06149504456631538,0.0,0.0,0.0,0.0,0.0,0.0,0.0,0.0,0.09666203421122267,0.12299008913263076,0.0,0.0,0.0,0.0,0.0,0.0,0.0,0.0,0.0,0.0,0.0,0.0,0.0,0.0,0.0,0.0,0.0,0.0,0.048331017105611336,0.0,0.0,0.0,0.0,0.0,0.0,0.0,0.0,0.0,0.0,0.0,0.0,0.0,0.0,0.0,0.0,0.0,0.0,0.0,0.0,0.0,0.0,0.0,0.0,0.0,0.0,0.0,0.0,0.0,0.0,0.0,0.0,0.0,0.0,0.0,0.0,0.0,0.0,0.0,0.0,0.0,0.0,0.0,0.06149504456631538,0.06149504456631538,0.06149504456631538,0.0,0.0,0.0,0.0,0.0,0.0,0.0,0.0,0.04363257233571192,0.06149504456631538,0.06149504456631538,0.0,0.0,0.0,0.0,0.0,0.0,0.0,0.0,0.0,0.0,0.0,0.0,0.0,0.0,0.0,0.0,0.0,0.0,0.0,0.0,0.0,0.0,0.0,0.0,0.0,0.0,0.0,0.0,0.0,0.0,0.048331017105611336,0.19332406842244534,0.0,0.0,0.0,0.0,0.0,0.0,0.0,0.0,0.0,0.0,0.0,0.0,0.0,0.0,0.0,0.0,0.06149504456631538,0.0,0.0,0.0,0.05408144876078794,0.06149504456631538,0.0,0.0,0.0,0.06149504456631538,0.06149504456631538,0.0,0.0,0.0,0.0,0.0,0.0,0.0,0.0,0.0,0.0,0.0,0.0,0.0,0.0,0.0,0.0,0.0,0.24598017826526153,0.0,0.0,0.0,0.0,0.0,0.0,0.0,0.0,0.0,0.0,0.0,0.0,0.0,0.0,0.1622443462823638,0.0,0.0,0.0,0.0,0.0,0.0,0.0,0.0,0.0,0.0,0.0,0.0,0.0,0.0,0.0,0.0,0.0,0.0,0.0,0.0,0.1622443462823638,0.0,0.0,0.0,0.0,0.0,0.0,0.21632579504315175,0.0,0.0,0.0,0.0,0.0,0.0,0.3244886925647276,0.0,0.0,0.0,0.0,0.0,0.0,0.0,0.0,0.0,0.0,0.0,0.0,0.0,0.0,0.0,0.0,0.0,0.0,0.0,0.0,0.0,0.0,0.0,0.0,0.0,0.0,0.0,0.0,0.0,0.0,0.0,0.0,0.0,0.0,0.0,0.0,0.0,0.0,0.0,0.0,0.0,0.12299008913263076,0.0,0.0,0.0,0.0,0.0,0.0,0.0,0.0,0.0,0.0,0.0,0.0,0.0,0.0,0.0,0.0,0.0,0.0,0.0,0.0,0.0,0.06149504456631538,0.06149504456631538,0.0,0.0,0.0,0.0,0.0,0.0,0.0,0.0,0.0,0.0,0.0,0.0,0.06149504456631538,0.0,0.0,0.0,0.12299008913263076,0.0,0.0,0.0,0.0,0.0,0.0,0.0,0.0,0.0,0.0,0.0,0.048331017105611336,0.0,0.0,0.0,0.0,0.0,0.0,0.0,0.0,0.0,0.0,0.0,0.0,0.0,0.0,0.0,0.0,0.0,0.0,0.0,0.0,0.0,0.0,0.0,0.0,0.0,0.0,0.0,0.0,0.0,0.0,0.0,0.0,0.0,0.0,0.0,0.0,0.05408144876078794,0.0,0.0,0.0,0.0,0.0,0.048331017105611336,0.05408144876078794,0.0,0.0,0.0,0.0,0.0,0.0,0.0,0.0,0.0,0.0,0.0,0.0,0.0,0.0,0.0,0.0,0.0,0.0,0.0,0.0,0.0,0.0,0.0,0.0,0.0,0.0,0.0,0.0,0.0,0.0,0.0,0.0,0.0,0.0,0.0,0.0,0.0,0.0,0.0,0.0,0.0,0.0,0.0,0.0,0.0,0.0,0.0,0.0,0.0,0.0,0.0,0.0,0.0,0.05408144876078794,0.0,0.0,0.0,0.0,0.0,0.05408144876078794,0.0,0.0,0.0,0.0,0.6766342394785587,0.12299008913263076,0.0,0.0,0.09666203421122267,0.0,0.0,0.0,0.0,0.0,0.0,0.0,0.0,0.0,0.0,0.0,0.0,0.0,0.0,0.06149504456631538,0.06149504456631538,0.06149504456631538,0.0,0.0,0.0,0.0,0.0,0.0,0.0,0.0,0.0,0.0,0.0,0.0,0.0,0.0,0.0,0.0,0.0,0.0,0.0,0.0,0.0,0.0,0.0,0.0,0.0,0.0,0.0,0.0,0.0,0.0,0.0,0.0,0.0,0.0,0.12299008913263076,0.0,0.0,0.0,0.0,0.0,0.0,0.05408144876078794,0.06149504456631538,0.06149504456631538,0.0
8,0.0,0.0,0.0,0.0,0.0,0.0,0.0,0.0,0.0,0.0,0.0,0.0,0.0,0.0,0.0,0.0,0.0,0.0,0.0,0.0,0.0,0.08105460055953735,0.0,0.0,0.0,0.0,0.0,0.016348585342542157,0.0,0.0,0.0,0.0,0.0,0.0,0.0,0.0,0.0,0.0,0.0,0.0,0.0,0.0,0.0,0.02304143281997121,0.0,0.0,0.0,0.0,0.0,0.0,0.0,0.0,0.0,0.0,0.0,0.0,0.0,0.0,0.0,0.0,0.0,0.0,0.0,0.24522878013813232,0,0.0,0.0,0.0,0.0,0.0,0.0,0.0,0.0,0.0,0.0,0.02304143281997121,0.03621806900420782,0.02304143281997121,0.0,0.0,0.0,0.0,0.04608286563994242,0.0,0.0,0.0,0.04608286563994242,0.0,0.0,0.0,0.0,0.0,0.0,0.0,0.0,0.020263650139884338,0.0,0.0,0.020263650139884338,0.0,0.0,0.04608286563994242,0.12158190083930603,0.04608286563994242,0.02304143281997121,0.0,0.02304143281997121,0.0,0.0,0.0,0.0,0.0,0.0,0.0,0.0,0.0,0.020263650139884338,0.0,0.0,0.020263650139884338,0.0,0.0,0.0,0.0,0.0,0.01810903450210391,0.0,0.0,0.04608286563994242,0.0,0.0,0.0,0.0,0.0,0.0,0.0,0.0,0.0,0.0,0.0,0.0,0.0,0.020263650139884338,0.0,0.01810903450210391,0.0,0.0,0.0,0.0,0.02304143281997121,0.06912429845991362,0.0,0.0,0.0,0.0,0.0,0.016348585342542157,0.020263650139884338,0.0,0.0,0.01810903450210391,0.02304143281997121,0.02304143281997121,0.06912429845991362,0.02304143281997121,0.040527300279768676,0.0,0.03621806900420782,0.0,0.0,0.0,0.0,0.0,0.020263650139884338,0.0,0.0,0.0,0.0,0.01810903450210391,0.0,0.10865420701262346,0.02304143281997121,0.04608286563994242,0.0,0.0,0.0,0.0,0.04608286563994242,0.01810903450210391,0.02304143281997121,0.0,0.0,0.0,0.0,0.01810903450210391,0.0,0.0,0.0,0.0,0.0,0.0,0.0,0.0,0.0,0.0,0.0,0.0,0.0,0.0,0.0,0.0,0.0,0.0,0.0,0.0,0.0,0.0,0.0,0.0,0.02304143281997121,0.06912429845991362,0.0,0.0,0.18433146255976968,0.06912429845991362,0.0,0.0,0.02304143281997121,0.0,0.0,0.0,0.0,0.0,0.0,0.0,0.0,0.0,0.0,0.0,0.0,0.0,0.0,0.0,0.0,0.0,0.0,0.0,0.0,0.0,0.0,0.0,0.0,0.0,0.03269717068508431,0.48387008921939545,0.016348585342542157,0.0,0.0,0.0,0.0,0.0,0.04608286563994242,0.0,0.06079095041965302,0.0,0.0,0.04608286563994242,0.0,0.08105460055953735,0.0,0.0,0.01810903450210391,0.02304143281997121,0.0,0.1013182506994217,0.02304143281997121,0.0,0.0,0.0,0.0,0.0,0.0,0.0,0.0,0.02304143281997121,0.0,0.01810903450210391,0.02304143281997121,0.10865420701262346,0.0,0.0,0.0,0.0,0.0,0.0,0.03621806900420782,0.0,0.0,0.0,0.02304143281997121,0.0,0.016348585342542157,0.0,0.0,0.0,0.0,0.02304143281997121,0.0,0.0,0.0,0.0,0.0,0.0,0.0,0.02304143281997121,0.0,0.0,0.0,0.0,0.0,0.020263650139884338,0.0,0.0,0.0,0.0,0.23041432819971208,0.02304143281997121,0.0,0.0,0.02304143281997121,0.020263650139884338,0.0,0.020263650139884338,0.0,0.0,0.0,0.0,0.0,0.020263650139884338,0.0,0.0,0.0,0.04608286563994242,0.0,0.0,0.0,0.0,0.0,0.0,0.0,0.0,0.0,0.0,0.0,0.0,0.0,0.0,0.0,0.0,0.0,0.02304143281997121,0.040527300279768676,0.0,0.0,0.0,0.04608286563994242,0.01810903450210391,0.0,0.0,0.0,0.0,0.0,0.0,0.02304143281997121,0.0,0.020263650139884338,0.020263650139884338,0.0,0.01810903450210391,0.0,0.03621806900420782,0.04608286563994242,0.04608286563994242,0.0,0.0,0.0,0.0,0.02304143281997121,0.0,0.0,0.01810903450210391,0.020263650139884338,0.016348585342542157,0.04608286563994242,0.0,0.0,0.02304143281997121,0.0,0.0,0.020263650139884338,0.0,0.0,0.0,0.0,0.0,0.0,0.040527300279768676,0.0,0.0,0.0,0.0,0.0,0.0,0.0,0.0,0.02304143281997121,0.06079095041965302,0.09054517251051956,0.0,0.0,0.0,0.01810903450210391,0.0,0.0,0.02304143281997121,0.0,0.0,0.0,0.02304143281997121,0.0,0.0,0.0,0.0,0.0,0.09809151205525293,0.02304143281997121,0.0,0.0,0.020263650139884338,0.3242184022381494,0.049045756027626466,0.0,0.0,0.0,0.0,0.0,0.0,0.0,0.0,0.0,0.0,0.0,0.0,0.0,0.08105460055953735,0.0,0.04608286563994242,0.0,0.0,0.0,0.0,0.0,0.0,0.0,0.0,0.0,0.0,0.0,0.0,0.0,0.0,0.04608286563994242,0.1013182506994217,0.02304143281997121,0.0,0.0,0.040527300279768676,0.0,0.01810903450210391,0.0,0.0,0.040527300279768676,0.0,0.0,0.0,0.0,0.0,0.0,0.0,0.020263650139884338,0.13824859691982724,0.0,0.0,0.01810903450210391,0.0,0.020263650139884338,0.0,0.0,0.02304143281997121,0.0,0.0,0.0,0.0,0.0,0.020263650139884338,0.0,0.06079095041965302,0.2995386266596257,0.0,0.0,0.0,0.0,0.02304143281997121,0.0,0.0,0.0,0.02304143281997121,0.0,0.0,0.0,0.0,0.0,0.0,0.0,0.02304143281997121,0.040527300279768676,0.02304143281997121,0.0,0.0,0.0,0.0,0.0,0.02304143281997121,0.0,0.0,0.0,0.0,0.0,0.02304143281997121,0.0,0.0,0.0,0.0,0.0,0.23541744852735086,0.0,0.020263650139884338,0.0,0.0,0.0,0.0,0.0,0.0,0.01810903450210391,0.02304143281997121,0.0,0.01810903450210391,0.020263650139884338,0.020263650139884338,0.020263650139884338,0.0,0.0,0.0,0.0,0.0,0.0,0.0,0.02304143281997121,0.0,0.0,0.0,0.0,0.05432710350631173,0.020263650139884338,0.0,0.02304143281997121,0.0,0.0,0.0,0.0,0.0,0.0,0.020263650139884338,0.0,0.0,0.0,0.0,0.0,0.0,0.0,0.0,0.0,0.0,0.02304143281997121,0.0,0.0,0.0,0.0,0.0,0.0,0.0,0.0,0.0,0.0,0.0,0.0,0.0,0.0,0.0,0.0,0.040527300279768676,0.0,0.0,0.0,0.0,0.0,0.0,0.0,0.02304143281997121,0.0,0.020263650139884338,0.0,0.0,0.06079095041965302,0.01810903450210391,0.0,0.0,0.0,0.02304143281997121,0.0,0.0,0.01810903450210391,0.0,0.0,0.0,0.0,0.02304143281997121,0.0,0.0,0.0,0.0,0.0,0.0,0.0,0.3456214922995681,0.02304143281997121,0.0,0.0,0.0,0.0,0.0,0.0,0.0,0.0
9,0.0,0.0,0.0,0.0,0.0,0.0,0.0,0.0,0.0,0.0,0.0,0.0,0.0,0.0,0.0,0.0,0.0,0.0,0.0,0.0,0.0,0.0,0.0,0.0,0.0,0.0,0.0,0.05843744494152034,0.0,0.0,0.0,0.0,0.0,0.0,0.0,0.0,0.0,0.0,0.0,0.0,0.0,0.0,0.0,0.0,0.0,0.0,0.0,0.0,0.0,0.0,0.0,0.0,0.0,0.0,0.0,0.0,0.0,0.0,0.0,0.0,0.0,0.0,0.0,0.0,0,0.0,0.0,0.0,0.0,0.0,0.0,0.0,0.0,0.0,0.3568967719331454,0.0,0.043153405814142266,0.0,0.0,0.0,0.0,0.0,0.0,0.0,0.0,0.04828780450225749,0.0,0.0,0.0,0.05490719568202237,0.0,0.0,0.0,0.0,0.0,0.0,0.0,0.0,0.024143902251128745,0.0,0.0,0.0,0.0,0.0,0.0,0.027453597841011184,0.0,0.05490719568202237,0.0,0.0,0.0,0.0,0.0,0.0,0.0,0.0,0.0,0.0,0.0,0.0,0.0,0.0,0.027453597841011184,0.0,0.027453597841011184,0.043153405814142266,0.0,0.0,0.0,0.0,0.0,0.0,0.05843744494152034,0.0,0.0,0.0,0.021576702907071133,0.0,0.05490719568202237,0.0,0.0,0.0,0.0,0.0,0.0,0.0,0.0,0.027453597841011184,0.0,0.0,0.0,0.027453597841011184,0.0,0.0,0.0,0.0,0.038958296627680224,0.0,0.0,0.0,0.0,0.0,0.0,0.0,0.0,0.0,0.0,0.0,0.0,0.0,0.0,0.0,0.0,0.0,0.07791659325536045,0.04828780450225749,0.05490719568202237,0.0,0.0,0.0,0.0,0.0,0.0,0.0,0.0,0.0,0.0,0.0,0.0,0.0,0.0,0.0,0.0,0.024143902251128745,0.0,0.0,0.0,0.0,0.04828780450225749,0.0,0.0,0.0,0.08236079352303355,0.05490719568202237,0.0,0.0,0.0,0.0,0.0,0.0,0.0,0.024143902251128745,0.0,0.0,0.0,0.027453597841011184,0.0,0.0,0.0,0.0,0.0,0.027453597841011184,0.0,0.0,0.08236079352303355,0.0,0.0,0.0,0.0,0.04828780450225749,0.0,0.0,0.0,0.0,0.0,0.0,0.0,0.024143902251128745,0.024143902251128745,0.0,0.024143902251128745,0.1921751848870783,0.0,0.0,0.0,0.0,0.0,0.0,0.0,0.0,0.0,0.0,0.0,0.0,0.027453597841011184,0.0,0.0,0.0,0.0,0.0,0.0,0.0,0.027453597841011184,0.0,0.0,0.0,0.0,0.0,0.0,0.0,0.0,0.06473010872121339,0.0,0.0,0.0,0.0,0.04828780450225749,0.021576702907071133,0.021576702907071133,0.0,0.0,0.0,0.0,0.0,0.0,0.0,0.25892043488485356,0.1647215870460671,0.0,0.0,0.0,0.0,0.0,0.024143902251128745,0.0,0.0,0.0,0.027453597841011184,0.0,0.0,0.027453597841011184,0.038958296627680224,0.0,0.0,0.0,0.0,0.0,0.0,0.0,0.0,0.0,0.0,0.0,0.0,0.0,0.0,0.0,0.0,0.0,0.0,0.0,0.019479148313840112,0.0,0.0,0.0,0.0,0.0,0.0,0.0,0.0,0.0,0.0,0.0,0.021576702907071133,0.0,0.0,0.0,0.0,0.0,0.0,0.0,0.0,0.0,0.0,0.0,0.0,0.0,0.0,0.0,0.0,0.0,0.0,0.0,0.0,0.027453597841011184,0.0,0.0,0.024143902251128745,0.027453597841011184,0.0,0.0,0.09657560900451498,0.0,0.0,0.07791659325536045,0.0,0.06473010872121339,0.027453597841011184,0.0,0.0,0.0,0.0,0.021576702907071133,0.0,0.0,0.0,0.0,0.0,0.0,0.0,0.0,0.0,0.05490719568202237,0.0,0.024143902251128745,0.0,0.027453597841011184,0.027453597841011184,0.0,0.0,0.0,0.0,0.0,0.0,0.0,0.0,0.0,0.024143902251128745,0.0,0.0,0.0,0.0,0.0,0.0,0.0,0.0,0.0,0.0,0.0,0.0,0.0,0.0,0.0,0.027453597841011184,0.0,0.0,0.0,0.0,0.0,0.027453597841011184,0.0,0.0,0.024143902251128745,0.0,0.0,0.0,0.0,0.024143902251128745,0.0,0.027453597841011184,0.0,0.0,0.0,0.0,0.0,0.0,0.024143902251128745,0.0,0.024143902251128745,0.0,0.0,0.0,0.0,0.027453597841011184,0.0,0.0,0.0,0.0,0.0,0.0,0.0,0.0,0.0,0.0,0.0,0.0,0.0,0.0,0.0,0.0,0.0,0.0,0.0,0.0,0.0,0.0,0.0,0.0,0.0,0.0,0.0,0.0,0.0,0.0,0.05490719568202237,0.04828780450225749,0.0,0.0,0.0,0.0,0.0,0.0,0.0,0.043153405814142266,0.0,0.0,0.0,0.0,0.0,0.0,0.0,0.0,0.0,0.021576702907071133,0.027453597841011184,0.0,0.0,0.07243170675338624,0.0,0.0,0.0,0.0,0.0,0.0,0.0,0.0,0.024143902251128745,0.0,0.0,0.0,0.027453597841011184,0.0,0.0,0.0,0.0,0.0,0.0,0.0,0.0,0.0,0.0,0.0,0.0,0.0,0.0,0.0,0.0,0.0,0.027453597841011184,0.0,0.08236079352303355,0.13726798920505592,0.0,0.0,0.0,0.0,0.0,0.0,0.0,0.0,0.04828780450225749,0.0,0.0,0.05490719568202237,0.0,0.0,0.0,0.0,0.0,0.0,0.027453597841011184,0.027453597841011184,0.0,0.0,0.0,0.24708238056910065,0.0,0.0,0.0,0.0,0.0,0.024143902251128745,0.021576702907071133,0.05490719568202237,0.0,0.0,0.0,0.0,0.0,0.0,0.0,0.0,0.17261362325656907,0.0,0.0,0.0,0.0,0.0,0.0,0.0,0.0,0.0,0.0,0.0,0.0,0.0,0.06473010872121339,0.08630681162828453,0.0,0.0,0.0,0.0,0.0,0.0,0.05843744494152034,0.08236079352303355,0.0,0.0,0.0,0.027453597841011184,0.021576702907071133,0.0,0.024143902251128745,0.027453597841011184,0.0,0.021576702907071133,0.0,0.0,0.0,0.0,0.0,0.024143902251128745,0.0,0.0,0.0,0.0,0.0,0.027453597841011184,0.0,0.0,0.0,0.0,0.0,0.04828780450225749,0.0,0.0,0.0,0.0,0.0,0.0,0.0,0.043153405814142266,0.027453597841011184,0.08236079352303355,0.027453597841011184,0.0,0.0,0.4746874639555649,0.0,0.0,0.46671116329719015,0.0,0.021576702907071133,0.0,0.0,0.0,0.0,0.038958296627680224,0.043153405814142266,0.0,0.0,0.0,0.0,0.0
10,0.0,0.0,0.0,0.0,0.0,0.0,0.10124134035723203,0.0,0.0,0.0,0.0,0.0,0.0,0.0,0.0,0.0,0.0,0.0,0.0,0.0,0.0,0.0,0.0,0.0,0.0,0.0,0.0,0.02394458576651475,0.0,0.0,0.0,0.0,0.0,0.0,0.0,0.0,0.0,0.0,0.0,0.0,0.0,0.0,0.0,0.0,0.0,0.0,0.0,0.0,0.0,0.0,0.0,0.0,0.0,0.0,0.0,0.0,0.0,0.0,0.0,0.0,0.0,0.0,0.0,0.02394458576651475,0,0.07956896343613108,0.0296786968750448,0.0,0.0,0.0,0.03374711345241068,0.0,0.0,0.0,0.0,0.03374711345241068,0.0,0.0,0.0,0.0,0.0,0.0,0.0,0.0,0.0,0.0,0.0,0.0,0.0,0.0,0.03374711345241068,0.0,0.03374711345241068,0.03374711345241068,0.0,0.0,0.1187147875001792,0.0,0.0,0.0,0.0,0.0,0.0,0.0,0.0,0.03374711345241068,0.0,0.23622979416687476,0.026522987812043698,0.0,0.06749422690482136,0.0,0.06749422690482136,0.0593573937500896,0.0,0.0,0.0593573937500896,0.0,0.0,0.0,0.0,0.10124134035723203,0.0,0.06749422690482136,0.0,0.026522987812043698,0.0,0.0,0.0,0.0,0.0,0.0,0.0,0.13498845380964272,0.10124134035723203,0.0,0.10609195124817479,0.0296786968750448,0.0,0.0,0.0,0.0,0.0,0.0,0.07956896343613108,0.0,0.0,0.0,0.0,0.0,0.0,0.0,0.0,0.0,0.0,0.10124134035723203,0.0,0.0,0.053045975624087395,0.0,0.0,0.0,0.0,0.0,0.0,0.0,0.0,0.07956896343613108,0.03374711345241068,0.0,0.0,0.0,0.0,0.0593573937500896,0.02394458576651475,0.0593573937500896,0.0,0.053045975624087395,0.0,0.0,0.0,0.0,0.0,0.0,0.14839348437522404,0.0,0.03374711345241068,0.0,0.026522987812043698,0.0,0.23622979416687476,0.03374711345241068,0.0,0.0296786968750448,0.0,0.0,0.03374711345241068,0.03374711345241068,0.0,0.0,0.0,0.0,0.0,0.0,0.0296786968750448,0.0,0.0,0.0,0.0,0.0,0.0,0.0,0.0,0.0,0.0593573937500896,0.0,0.0,0.0,0.0,0.0,0.0,0.0,0.03374711345241068,0.0,0.0,0.03374711345241068,0.0,0.0,0.06749422690482136,0.0296786968750448,0.0,0.0,0.0,0.0,0.0,0.0,0.0,0.08903609062513441,0.0,0.0,0.0,0.0,0.0,0.0,0.0,0.0,0.0,0.0,0.0296786968750448,0.0,0.0,0.0,0.0,0.0,0.0,0.0,0.0,0.0,0.0,0.0,0.03374711345241068,0.0,0.0,0.0,0.0,0.0,0.0,0.0593573937500896,0.0,0.0,0.0,0.0,0.0,0.0,0.0,0.0,0.0,0.026522987812043698,0.053045975624087395,0.0,0.0296786968750448,0.0,0.0,0.0,0.03374711345241068,0.0,0.053045975624087395,0.0,0.0,0.026522987812043698,0.0,0.0,0.33747113452410676,0.0593573937500896,0.0,0.053045975624087395,0.0,0.0,0.0,0.13498845380964272,0.0,0.0,0.0,0.0,0.0,0.0296786968750448,0.0,0.0,0.0,0.0,0.0,0.0,0.0,0.06749422690482136,0.0,0.0,0.0,0.0,0.0,0.33747113452410676,0.0,0.02394458576651475,0.0,0.06749422690482136,0.0296786968750448,0.0,0.0,0.0,0.0,0.0,0.0593573937500896,0.0,0.0,0.0,0.0,0.0,0.0,0.0,0.0296786968750448,0.0,0.0,0.0,0.03374711345241068,0.03374711345241068,0.0,0.0,0.06749422690482136,0.0,0.0,0.0,0.0,0.0,0.03374711345241068,0.03374711345241068,0.0,0.0,0.0,0.0593573937500896,0.0,0.0,0.0,0.0,0.053045975624087395,0.0,0.0,0.0,0.0,0.0,0.0,0.0,0.0,0.0,0.0,0.0,0.0,0.0,0.0,0.0,0.0,0.16873556726205338,0.0,0.0,0.0,0.06749422690482136,0.0,0.0296786968750448,0.0,0.0,0.0,0.0,0.026522987812043698,0.0,0.02394458576651475,0.06749422690482136,0.0,0.0,0.0,0.0,0.0,0.0,0.0,0.0,0.03374711345241068,0.0,0.0,0.0,0.0593573937500896,0.06749422690482136,0.0,0.03374711345241068,0.10124134035723203,0.0,0.0593573937500896,0.0,0.0,0.0,0.0,0.0,0.03374711345241068,0.0,0.0,0.026522987812043698,0.0,0.0,0.0,0.06749422690482136,0.0,0.0,0.0,0.03374711345241068,0.0,0.0,0.0,0.0,0.02394458576651475,0.0,0.0,0.03374711345241068,0.0,0.0593573937500896,0.0478891715330295,0.06749422690482136,0.0,0.0,0.0,0.0,0.0,0.026522987812043698,0.0,0.0,0.0,0.0,0.0,0.0,0.0,0.03374711345241068,0.0,0.0,0.0,0.0,0.0,0.0,0.0,0.0,0.0,0.0,0.0,0.0,0.0,0.0,0.053045975624087395,0.0,0.0,0.0,0.0,0.0,0.0,0.0,0.0,0.03374711345241068,0.06749422690482136,0.0,0.0,0.07956896343613108,0.0,0.0,0.23870689030839326,0.0,0.0,0.0593573937500896,0.0,0.0,0.0,0.0,0.0,0.0,0.0,0.0,0.0,0.0296786968750448,0.0,0.0,0.03374711345241068,0.0,0.0296786968750448,0.0,0.0296786968750448,0.0,0.0,0.0,0.0,0.0,0.0,0.0,0.0,0.0,0.0,0.0,0.0,0.0,0.0,0.026522987812043698,0.0,0.0,0.0,0.0593573937500896,0.0,0.0,0.0,0.0,0.0,0.0,0.0,0.0,0.0,0.0,0.0478891715330295,0.0,0.0,0.03374711345241068,0.08903609062513441,0.0,0.0,0.0,0.053045975624087395,0.0,0.0593573937500896,0.06749422690482136,0.0,0.0296786968750448,0.0,0.0,0.0,0.07956896343613108,0.06749422690482136,0.0,0.0,0.0,0.0,0.0,0.0,0.17807218125026883,0.0,0.0,0.03374711345241068,0.06749422690482136,0.0,0.0,0.0,0.03374711345241068,0.10609195124817479,0.06749422690482136,0.10609195124817479,0.0,0.0,0.0,0.0,0.0,0.0,0.0,0.0,0.0,0.0,0.0,0.06749422690482136,0.0,0.053045975624087395,0.0,0.0,0.03374711345241068,0.0,0.0,0.0,0.0,0.095778343066059,0.0,0.10609195124817479,0.13498845380964272,0.0,0.0,0.026522987812043698,0.0,0.0,0.0,0.0,0.053045975624087395,0.0,0.0,0.0,0.0,0.0593573937500896,0.08903609062513441,0.0,0.0,0.1187147875001792,0.0,0.0,0.0,0.0,0.0,0.0,0.0,0.0296786968750448,0.0,0.0,0.0,0.03374711345241068,0.0,0.0,0.0593573937500896,0.1187147875001792,0.0,0.0,0.0,0.03374711345241068,0.0,0.0,0.13261493906021848,0.03374711345241068,0.03374711345241068,0.06749422690482136,0.0,0.0,0.0,0.0,0.0,0.03374711345241068,0.02394458576651475,0.026522987812043698,0.0,0.0,0.0,0.0,0.0
